id,latitude,time,longitude,depth,mag,magtype,tsunami,sig,place
us7000rqep,13.7556,2026-01-18 15:21:32.044000,145.1018,113.268,4.5,mb,0,313,"33 km NE of Yigo Village, Guam"
us7000rqed,24.2902,2026-01-18 14:17:46.006000,121.8717,5.843,4.6,mwr,0,326,"44 km NE of Hualien City, Taiwan"
us7000rqe4,48.268,2026-01-18 12:22:35.492000,154.0452,59.136,4.6,mb,0,326,Kuril Islands
us7000rqe0,-2.3824,2026-01-18 12:08:56.364000,138.8003,28.417,4.9,mb,0,369,"205 km W of Abepura, Indonesia"
us7000rqdm,0.6065,2026-01-18 09:46:47.465000,125.3533,72.766,5.1,mb,0,400,"91 km SSE of Tondano, Indonesia"
us7000rqdh,44.4115,2026-01-18 08:55:07.715000,149.4856,35.0,4.5,mb,0,312,"156 km SE of Kuril’sk, Russia"
us7000rqd2,33.8612,2026-01-18 07:05:59.471000,65.9707,10.0,4.4,mb,0,298,"98 km SE of Fayrōz Kōh, Afghanistan"
us7000rqcz,-2.6457,2026-01-18 06:45:11.821000,139.305,23.669,4.9,mb,0,369,"147 km W of Abepura, Indonesia"
us7000rqbx,4.243,2026-01-18 01:53:39.068000,97.499,10.0,4.3,mb,0,284,"57 km WSW of Langsa, Indonesia"
us7000rqb4,24.2892,2026-01-17 22:31:29.809000,121.8974,5.251,4.4,mb,0,298,"45 km NE of Hualien City, Taiwan"
us7000rqdz,35.5793,2026-01-17 22:19:48.358000,140.1292,69.009,4.5,mb,0,312,"2 km SSE of Chiba, Japan"
us7000rqae,48.9557,2026-01-17 17:14:45.625000,154.8262,59.537,4.5,mb,0,312,"212 km SSW of Severo-Kuril’sk, Russia"
us7000rq9n,52.6246,2026-01-17 12:52:30.058000,160.7609,35.0,4.3,mb,0,284,"151 km ESE of Petropavlovsk-Kamchatsky, Russia"
us7000rq9h,52.391,2026-01-17 12:16:41.001000,160.877,23.07,5.3,mww,0,432,"169 km ESE of Petropavlovsk-Kamchatsky, Russia"
us7000rq95,23.9051,2026-01-17 09:48:11.421000,122.437,10.0,5.0,mb,0,385,"84 km SW of Yonakuni, Japan"
us7000rq8k,61.3107,2026-01-17 07:27:46.766000,137.9216,10.0,4.3,mb,0,284,"114 km N of Solnechnyy, Russia"
us7000rq8a,29.971,2026-01-17 05:46:17.005000,142.2037,10.0,5.0,mb,0,385,"Izu Islands, Japan region"
us7000rq86,-3.3473,2026-01-17 05:20:44.895000,128.6818,68.695,5.1,mww,0,400,"26 km W of Amahai, Indonesia"
us7000rq84,56.5336,2026-01-17 04:52:24.948000,163.1539,35.0,5.2,mww,0,416,"53 km NE of Ust’-Kamchatsk Staryy, Russia"
us7000rq7w,-4.4422,2026-01-17 03:37:34.309000,143.9082,130.339,4.8,mb,0,354,"45 km SSW of Angoram, Papua New Guinea"
us7000rq7e,28.9933,2026-01-17 01:36:36.483000,139.0545,485.689,4.5,mb,0,312,"Bonin Islands, Japan region"
us7000rq7c,41.2751,2026-01-17 01:04:15.176000,142.6246,43.253,5.3,mww,0,432,"97 km SSW of Honchō, Japan"
us7000rq3j,4.0141,2026-01-16 18:11:07.748000,119.6796,10.0,4.5,mb,0,312,"74 km SSE of Ligayan, Philippines"
us7000rq1x,23.6982,2026-01-16 14:19:00.323000,122.0679,11.388,4.5,mb,0,312,"56 km ESE of Hualien City, Taiwan"
us7000rpyb,6.3529,2026-01-16 01:20:00.794000,127.4154,10.0,4.7,mb,0,340,"131 km ESE of Lukatan, Philippines"
us7000rpv4,-9.3023,2026-01-15 20:19:28.328000,118.4906,10.0,4.5,mb,0,312,"83 km W of Tambolaka, Indonesia"
us7000rpuq,21.1228,2026-01-15 17:42:17.844000,96.092,10.0,4.9,mb,0,370,"36 km NE of Meiktila, Burma (Myanmar)"
us7000rpsw,31.11,2026-01-15 12:30:25.456000,35.2331,10.0,4.2,mb,0,273,"15 km SW of ‘En Boqeq, Israel"
us7000rpsg,45.9335,2026-01-15 11:42:32.829000,143.1178,327.609,4.1,mb,0,259,"82 km SSE of Korsakov, Russia"
us7000rps1,36.1555,2026-01-15 11:18:05.023000,137.7938,6.739,5.1,mww,0,401,"16 km WNW of Shiojiri, Japan"
us7000rpry,36.2972,2026-01-15 11:10:16.044000,137.6272,6.697,4.7,mww,0,340,"23 km WSW of Hotaka, Japan"
us7000rpra,29.9713,2026-01-15 08:02:19.592000,138.9382,441.354,4.3,mb,0,284,"Izu Islands, Japan region"
us7000rpqr,37.6477,2026-01-15 04:48:18.360000,95.1441,10.0,5.0,mb,0,385,"282 km S of Dunhuang, China"
us7000rpq8,42.7295,2026-01-15 03:43:13.544000,145.5273,11.617,5.6,mww,0,482,"64 km ESE of Akkeshi, Japan"
us7000rpp8,47.8449,2026-01-15 02:06:16.549000,154.8258,10.0,5.1,mb,0,400,Kuril Islands
us7000rpp4,-5.4826,2026-01-15 02:00:23.327000,147.3023,220.523,4.2,mb,0,271,"133 km NNW of Finschhafen, Papua New Guinea"
us7000rpnj,1.9005,2026-01-14 23:30:27.773000,127.4025,112.096,4.9,mb,0,369,"70 km WNW of Tobelo, Indonesia"
us7000rpnf,53.6006,2026-01-14 22:59:33.035000,161.4594,10.0,5.0,mb,0,385,"197 km ENE of Petropavlovsk-Kamchatsky, Russia"
us7000rpmy,-5.6511,2026-01-14 20:59:02.283000,147.12,172.746,5.1,mb,0,400,"119 km N of Lae, Papua New Guinea"
us7000rple,-9.2123,2026-01-14 20:09:21.248000,122.4579,88.874,4.9,mb,0,369,"70 km SSE of Maumere, Indonesia"
us7000rpkh,-5.7142,2026-01-14 13:35:57.449000,153.3507,10.0,4.7,mb,0,340,"193 km SE of Kokopo, Papua New Guinea"
us7000rpjy,50.7928,2026-01-14 08:38:58.069000,157.0843,64.364,5.1,mb,0,400,"68 km E of Severo-Kuril’sk, Russia"
us7000rphl,3.0552,2026-01-14 02:01:43.358000,126.8148,47.771,4.6,mb,0,326,"197 km NW of Tobelo, Indonesia"
us7000rph2,1.1057,2026-01-14 00:28:10.652000,126.2156,50.365,4.9,mb,0,369,"126 km ESE of Bitung, Indonesia"
us7000rpgr,31.6128,2026-01-13 23:43:30.774000,56.1641,10.0,4.6,mb,0,326,"57 km NNW of Shahrak-e Pābedānā, Iran"
us7000rpgn,5.5297,2026-01-13 23:30:49.884000,127.4363,162.321,4.4,mb,0,298,"166 km ESE of Pondaguitan, Philippines"
us7000rpgg,4.4448,2026-01-13 22:52:59.110000,124.9356,10.0,4.9,mb,0,369,"121 km SSW of Sarangani, Philippines"
us7000rpen,35.3051,2026-01-13 20:19:13.912000,69.2936,72.028,4.0,mb,0,246,"20 km W of Bāzārak, Afghanistan"
us7000rpe9,25.7164,2026-01-13 18:37:15.912000,125.7809,82.159,4.1,mb,0,259,"112 km NNE of Hirara, Japan"
us7000rpdy,37.5619,2026-01-13 17:21:21.232000,74.5236,115.604,4.0,mb,0,246,"83 km SE of Murghob, Tajikistan"
us7000rpdj,-8.5955,2026-01-13 16:07:55.906000,134.9116,10.0,4.7,mb,0,340,Arafura Sea
us7000rpdi,-5.8213,2026-01-13 15:55:34.100000,128.0584,383.323,4.2,mb,0,271,"235 km S of Ambon, Indonesia"
us7000rpdf,44.5116,2026-01-13 15:24:32.955000,149.1393,48.329,4.9,mb,0,369,"127 km SE of Kuril’sk, Russia"
us7000rpdb,44.5038,2026-01-13 15:09:43.233000,149.3034,35.0,4.4,mb,0,298,"138 km SE of Kuril’sk, Russia"
us7000rpd2,44.4997,2026-01-13 14:21:34.612000,149.441,35.0,4.9,mb,0,369,"147 km ESE of Kuril’sk, Russia"
us7000rpd1,36.8601,2026-01-13 14:10:25.207000,71.2418,198.867,4.3,mb,0,284,"32 km NW of Ashkāsham, Afghanistan"
us7000rpcx,44.8252,2026-01-13 13:52:32.294000,149.2526,44.198,4.9,mb,0,369,"117 km ESE of Kuril’sk, Russia"
us7000rpcg,44.5495,2026-01-13 13:04:08.725000,149.2768,35.788,6.2,mww,0,591,"133 km SE of Kuril’sk, Russia"
us7000rpc8,-3.7866,2026-01-13 12:13:06.695000,145.1319,10.0,4.8,mb,0,354,"122 km ENE of Angoram, Papua New Guinea"
us7000rpc6,-5.6415,2026-01-13 12:03:35.553000,147.7014,168.143,4.5,mb,0,312,"102 km N of Finschhafen, Papua New Guinea"
us7000rpaw,2.9121,2026-01-13 06:57:16.268000,126.6719,56.312,5.2,mb,0,416,"198 km NW of Tobelo, Indonesia"
us7000rpav,-4.7389,2026-01-13 06:50:44.975000,102.6008,54.598,4.6,mb,0,326,"106 km SW of Pagar Alam, Indonesia"
us7000rpaq,49.0897,2026-01-13 06:04:15.185000,156.41,10.0,5.2,mww,0,416,"177 km S of Severo-Kuril’sk, Russia"
us7000rpai,-1.9122,2026-01-13 04:57:44.119000,101.5989,162.208,4.5,mb,0,312,"28 km NE of Sungai Penuh, Indonesia"
us7000rp9r,-7.5087,2026-01-13 03:29:32.889000,128.8545,101.686,5.1,mb,0,400,"233 km ENE of Lospalos, Timor Leste"
us7000rp9f,3.6006,2026-01-13 03:03:14.212000,126.5781,52.095,4.5,mb,0,312,"234 km SSE of Sarangani, Philippines"
us7000rp93,3.3624,2026-01-13 02:33:25.447000,126.7554,48.579,4.7,mb,0,340,"228 km NW of Tobelo, Indonesia"
us7000rp8c,-2.9139,2026-01-13 00:48:06.591000,139.6657,67.151,4.5,mb,0,312,"113 km WSW of Abepura, Indonesia"
us7000rp8e,4.5298,2026-01-13 00:20:38.442000,96.3271,14.05,4.0,mb,0,246,"48 km NNE of Meulaboh, Indonesia"
us7000rp6e,45.0846,2026-01-12 22:28:52.476000,142.1755,7.098,4.9,mb,0,369,"15 km NW of Nakatonbetsu, Japan"
us7000rp69,9.9238,2026-01-12 22:18:25.102000,125.9683,85.323,4.8,mb,0,355,"4 km NNW of Libas, Philippines"
us7000rp66,-5.5068,2026-01-12 22:12:06.757000,101.2916,10.0,4.5,mb,0,312,"217 km SSW of Bengkulu, Indonesia"
us7000rp63,-7.0845,2026-01-12 21:54:11.315000,155.5649,100.276,4.3,mb,0,284,"85 km S of Panguna, Papua New Guinea"
us7000rp65,45.0663,2026-01-12 21:40:16.758000,142.2135,31.541,4.2,mb,0,271,"11 km NNW of Nakatonbetsu, Japan"
us7000rp5v,24.7086,2026-01-12 19:01:49.524000,122.0009,68.318,4.6,mww,0,329,"25 km ESE of Yilan, Taiwan"
us7000rp4u,52.8719,2026-01-12 11:51:45.942000,159.3155,75.475,4.8,mb,0,354,"50 km ESE of Petropavlovsk-Kamchatsky, Russia"
us7000rp4n,55.9665,2026-01-12 10:34:11.876000,162.7776,41.57,4.8,mb,0,354,"34 km SSE of Ust’-Kamchatsk Staryy, Russia"
us7000rp4m,51.8868,2026-01-12 10:30:43.860000,158.58,59.713,4.5,mb,0,312,"116 km S of Vilyuchinsk, Russia"
us7000rp4g,31.1297,2026-01-12 09:57:47.624000,141.0473,61.875,4.5,mb,0,312,"Izu Islands, Japan region"
us7000rp48,36.6039,2026-01-12 08:48:17.966000,68.1633,10.0,4.2,mb,0,272,"39 km NNE of Aībak, Afghanistan"
us7000rp3w,47.5925,2026-01-12 07:22:58.237000,147.3608,402.822,5.6,mww,0,482,"265 km N of Kuril’sk, Russia"
us7000rp3m,44.9631,2026-01-12 06:20:18.257000,142.3977,34.612,4.8,mb,0,354,"8 km E of Nakatonbetsu, Japan"
us7000rp3f,-6.6138,2026-01-12 05:23:01.185000,128.4579,258.995,4.3,mb,0,284,"265 km NE of Lospalos, Timor Leste"
us7000rp3e,24.3626,2026-01-12 05:20:51.192000,123.2459,33.601,4.7,mb,0,340,"27 km ESE of Yonakuni, Japan"
us7000rp2s,24.7943,2026-01-12 01:45:40.022000,95.2888,125.28,4.4,mb,0,298,"125 km SE of Phek, India"
us7000rp2k,49.2901,2026-01-12 01:07:56.651000,156.1179,56.243,5.1,mb,0,400,"154 km S of Severo-Kuril’sk, Russia"
us7000rp2g,49.5439,2026-01-11 23:57:49.315000,156.1246,48.608,4.8,mb,0,354,"125 km S of Severo-Kuril’sk, Russia"
us7000rp2d,42.9763,2026-01-11 23:05:54.522000,147.9723,10.0,4.6,mb,0,326,"136 km SE of Shikotan, Russia"
us7000rp2b,7.2998,2026-01-11 22:58:01.229000,126.3008,17.47,4.7,mb,0,340,"24 km W of San Pedro, Philippines"
us7000rp29,31.0234,2026-01-11 22:32:39.499000,48.108,10.0,4.8,mb,0,359,"54 km WSW of Jongīyeh, Iran"
us7000rp1b,3.3194,2026-01-11 14:15:15.044000,126.852,52.167,4.6,mb,0,326,"217 km NW of Tobelo, Indonesia"
us7000rp14,49.1856,2026-01-11 12:59:50.769000,156.142,43.566,4.9,mb,0,369,"165 km S of Severo-Kuril’sk, Russia"
us7000rp0c,30.8186,2026-01-11 10:06:08.550000,141.9286,10.0,4.7,mb,0,340,"Izu Islands, Japan region"
us7000rp08,39.5919,2026-01-11 09:45:37.170000,141.7252,79.657,5.2,mb,0,417,"19 km WSW of Miyako, Japan"
us7000rp00,-5.4382,2026-01-11 08:24:45.410000,151.682,73.8,4.5,mb,0,312,"137 km SSW of Kokopo, Papua New Guinea"
us7000rnzg,34.0114,2026-01-11 03:20:20.287000,34.795,10.0,4.1,mb,0,261,"64 km W of Ra’s Bayrūt, Lebanon"
us7000rnza,-6.906,2026-01-11 02:13:37.306000,129.6028,172.684,5.0,mb,0,385,Banda Sea
us7000rnxj,51.4932,2026-01-10 21:04:08.699000,158.5536,45.323,5.0,mb,0,385,"142 km E of Ozernovskiy, Russia"
us7000rnx4,3.6324,2026-01-10 20:45:13.989000,126.9794,49.548,5.2,mb,0,416,"239 km NNW of Tobelo, Indonesia"
us7000rnwd,3.7007,2026-01-10 20:28:23.481000,126.9869,31.0,6.4,mww,1,634,"245 km NNW of Tobelo, Indonesia"
us7000rnw9,52.9119,2026-01-10 20:08:06.548000,160.7109,27.887,4.8,mb,0,354,"140 km E of Petropavlovsk-Kamchatsky, Russia"
us7000rnw7,10.031,2026-01-10 19:59:18.934000,126.0071,117.861,4.3,mb,0,285,"3 km WNW of Santa Monica, Philippines"
us7000rnvf,52.7677,2026-01-10 17:01:07.810000,160.9715,10.0,5.2,mww,0,416,"161 km ESE of Petropavlovsk-Kamchatsky, Russia"
us7000rnv6,-9.2446,2026-01-10 15:04:05.388000,114.6932,84.725,4.4,mb,0,301,"71 km SW of Jimbaran, Indonesia"
us7000rnuy,50.6517,2026-01-10 13:35:20.258000,156.6234,91.312,4.9,mb,0,369,"35 km E of Severo-Kuril’sk, Russia"
us7000rnuu,52.7819,2026-01-10 13:27:45.395000,160.9944,10.0,5.5,mww,0,465,"162 km ESE of Petropavlovsk-Kamchatsky, Russia"
us7000rnuc,49.1479,2026-01-10 10:03:03.551000,156.2794,52.399,4.7,mb,0,340,"170 km S of Severo-Kuril’sk, Russia"
us7000rntz,-7.186,2026-01-10 09:09:59.340000,120.4056,575.353,4.3,mb,0,284,"155 km NNE of Labuan Bajo, Indonesia"
us7000rnu0,49.1919,2026-01-10 09:09:09.102000,156.1482,53.955,5.0,mb,0,385,"165 km S of Severo-Kuril’sk, Russia"
us7000rntj,53.0097,2026-01-10 06:35:49.677000,159.6601,66.682,4.8,mb,0,354,"69 km E of Petropavlovsk-Kamchatsky, Russia"
us7000rnsq,25.8914,2026-01-10 05:21:36.707000,141.2885,128.012,4.9,mww,0,369,"Volcano Islands, Japan region"
us7000rnrt,48.2419,2026-01-10 02:22:55.540000,153.6303,125.506,4.6,mb,0,326,Kuril Islands
us7000rnrj,31.7563,2026-01-10 01:43:31.328000,138.8924,277.724,4.4,mb,0,298,"Izu Islands, Japan region"
us7000rnrh,27.2801,2026-01-10 01:31:09.696000,104.1919,10.0,4.7,mb,0,340,"47 km E of Zhaotong, China"
us7000rnmz,16.0547,2026-01-09 21:30:18.415000,119.7725,58.116,4.7,mb,0,340,"7 km SSW of Agno, Philippines"
us7000rnmi,49.3837,2026-01-09 17:52:15.840000,156.071,35.0,4.9,mb,0,369,"143 km S of Severo-Kuril’sk, Russia"
us7000rnmb,40.3616,2026-01-09 16:54:13.922000,140.8261,10.0,4.4,mb,0,298,"8 km ESE of Kosaka, Japan"
us7000rnm9,35.2901,2026-01-09 16:37:58.213000,140.4891,22.547,4.9,mb,0,372,"9 km ENE of Ōhara, Japan"
us7000rnm8,35.0004,2026-01-09 16:05:39.427000,70.6591,83.07,4.2,mb,0,271,"46 km WNW of Asadābād, Afghanistan"
us7000rnm5,40.2458,2026-01-09 15:26:53.998000,140.8816,10.0,4.6,mb,0,326,"10 km NE of Hanawa, Japan"
us7000rnku,3.6458,2026-01-09 06:24:02.977000,95.8719,60.868,4.8,mb,0,354,"61 km SSW of Meulaboh, Indonesia"
us7000rnkh,-6.9534,2026-01-09 04:30:57.758000,129.7378,142.569,4.6,mb,0,326,Banda Sea
us7000rnjd,38.3221,2026-01-09 02:44:19.365000,73.301,140.089,5.3,mww,0,434,"60 km WNW of Murghob, Tajikistan"
us7000rnid,38.4091,2026-01-09 00:38:37.262000,73.871,134.772,4.3,mb,0,284,"27 km NNW of Murghob, Tajikistan"
us7000rng1,37.3884,2026-01-08 22:30:01.465000,74.5618,56.248,5.3,mb,0,432,"101 km SSE of Murghob, Tajikistan"
us7000rnfp,-0.6803,2026-01-08 20:27:18.399000,127.6409,38.24,4.7,mb,0,340,"19 km ESE of Labuha, Indonesia"
us7000rnfl,-6.9796,2026-01-08 20:00:39.152000,126.007,492.04,4.6,mb,0,326,"169 km N of Manatutu, Timor Leste"
us7000rnd0,-4.1206,2026-01-08 08:51:26.476000,142.0992,131.398,5.0,mb,0,385,"80 km W of Ambunti, Papua New Guinea"
us7000rncj,51.4018,2026-01-08 05:52:52.684000,158.9782,38.771,4.5,mb,0,312,"172 km E of Ozernovskiy, Russia"
us7000rn9y,-6.8499,2026-01-08 00:27:09.075000,129.5611,158.543,4.9,mb,0,369,Banda Sea
us7000rn9a,13.981,2026-01-07 23:32:00.667000,145.2707,129.041,4.9,mb,0,370,"64 km NE of Yigo Village, Guam"
us7000rn8s,7.5344,2026-01-07 23:05:57.165000,126.8078,66.607,4.7,mb,0,340,"26 km ENE of Baculin, Philippines"
us7000rn6q,-8.7874,2026-01-07 20:24:47.084000,148.932,10.0,4.6,mb,0,326,"76 km E of Popondetta, Papua New Guinea"
us7000rn6e,52.6365,2026-01-07 19:46:55.133000,158.4407,84.258,4.4,mb,0,298,"32 km S of Vilyuchinsk, Russia"
us7000rn68,7.3349,2026-01-07 19:17:59.416000,126.9986,36.366,4.9,mb,0,370,"47 km E of Santiago, Philippines"
us7000rn4x,7.351,2026-01-07 11:46:19.939000,127.1945,35.0,4.6,mb,0,326,"68 km E of Baculin, Philippines"
us7000rn4h,7.2959,2026-01-07 10:16:59.225000,126.7694,77.43,4.9,mb,0,369,"21 km E of Santiago, Philippines"
us7000rn4g,7.3118,2026-01-07 10:06:44.644000,127.0327,10.0,4.9,mb,0,369,"50 km E of Santiago, Philippines"
us7000rn4a,7.2863,2026-01-07 09:42:56.792000,127.0595,11.854,5.5,mww,0,466,"53 km E of Santiago, Philippines"
us7000rn2z,7.3902,2026-01-07 08:32:56.040000,126.7221,35.0,6.4,mww,1,646,"16 km ESE of Baculin, Philippines"
us7000rn2e,52.6945,2026-01-07 06:00:33.036000,159.1313,83.92,4.6,mb,0,326,"53 km SE of Petropavlovsk-Kamchatsky, Russia"
us7000rmzt,37.2523,2026-01-07 00:47:09.696000,74.6137,10.0,5.2,mb,0,416,"103 km N of Barishal, Pakistan"
us7000rmzf,51.8612,2026-01-06 23:48:47.951000,159.8596,41.976,5.2,mww,0,416,"154 km SE of Vilyuchinsk, Russia"
us7000rmza,41.4358,2026-01-06 23:34:44.862000,142.0717,60.011,4.8,mww,0,354,"73 km ENE of Mutsu, Japan"
us7000rmwv,30.7747,2026-01-06 20:37:49.317000,49.9508,10.0,4.5,mb,0,312,"14 km NE of Aghajari, Iran"
us7000rmwb,34.7833,2026-01-06 19:05:19.475000,70.7694,79.685,4.4,mb,0,298,"35 km WSW of Asadābād, Afghanistan"
us7000rmsc,52.7032,2026-01-06 12:46:36.295000,158.8203,75.17,4.8,mb,0,354,"37 km SE of Vilyuchinsk, Russia"
us7000rms9,11.8498,2026-01-06 12:31:19.507000,143.8056,10.0,5.2,mb,0,416,"182 km SSW of Merizo Village, Guam"
us7000rmrl,27.6461,2026-01-06 10:01:21.712000,141.5105,79.216,4.9,mb,0,369,"Bonin Islands, Japan region"
us7000rmrh,40.5126,2026-01-06 09:04:06.051000,142.0199,56.185,4.5,mb,0,312,"41 km NNE of Kuji, Japan"
us7000rmre,17.5674,2026-01-06 08:44:35.170000,145.789,223.59,5.0,mb,0,385,"260 km N of Saipan, Northern Mariana Islands"
us7000rmr1,35.342,2026-01-06 07:07:47.910000,133.11,23.119,5.0,mww,0,386,"14 km SW of Yasugichō, Japan"
us7000rmqz,35.3364,2026-01-06 06:58:47.541000,133.1736,3.444,4.7,mww,0,341,"11 km SSW of Yasugichō, Japan"
us7000rmqv,35.3203,2026-01-06 06:48:48.664000,133.0755,10.0,5.7,mww,0,530,"18 km S of Matsue, Japan"
us7000rmpe,48.1021,2026-01-06 04:02:22.118000,148.1568,424.619,5.1,mww,0,400,northwest of the Kuril Islands
us7000rmmm,43.5606,2026-01-06 00:27:05.556000,148.0701,10.0,4.9,mb,0,369,"111 km ESE of Shikotan, Russia"
us7000rmjk,31.0732,2026-01-05 21:05:18.839000,141.5526,10.0,4.8,mb,0,354,"Izu Islands, Japan region"
us7000rmir,-5.6557,2026-01-05 14:37:30.011000,110.4758,530.692,4.4,mb,0,298,"95 km NNW of Batang, Indonesia"
us7000rmij,38.1288,2026-01-05 13:20:13.380000,72.9496,140.041,4.4,mb,0,298,"89 km W of Murghob, Tajikistan"
us7000rmhl,-5.6777,2026-01-05 06:12:03.817000,147.6376,175.334,5.2,mb,0,416,"100 km NNW of Finschhafen, Papua New Guinea"
us7000rmhe,26.326,2026-01-05 04:17:52.226000,92.3084,35.0,4.9,mww,0,377,"9 km NNW of Morigaon, India"
us7000rmhd,26.3676,2026-01-05 04:17:38.801000,92.3939,35.0,5.2,mb,0,465,"13 km SW of Dhing, India"
us7000rmgt,13.815,2026-01-05 01:35:36.791000,39.9253,10.0,4.5,mb,0,313,"60 km NE of Mek'ele, Ethiopia"
us7000rmge,53.1143,2026-01-04 23:37:20.189000,160.54,47.93,4.4,mb,0,298,"128 km E of Petropavlovsk-Kamchatsky, Russia"
us7000rmex,51.1649,2026-01-04 17:06:00.198000,159.5869,10.0,4.5,mb,0,312,"212 km SSE of Vilyuchinsk, Russia"
us7000rmep,51.6813,2026-01-04 16:31:08.199000,159.5143,35.0,5.1,mb,0,400,"158 km SSE of Vilyuchinsk, Russia"
us7000rme5,42.2671,2026-01-04 14:00:06.322000,85.0146,10.0,5.0,mb,0,385,"109 km WNW of Korla, China"
us7000rmdy,2.6884,2026-01-04 13:31:07.447000,128.5017,231.058,4.5,mb,0,312,"119 km NNE of Tobelo, Indonesia"
us7000rmcc,51.8994,2026-01-04 07:11:04.229000,158.7637,53.815,4.9,mb,0,369,"117 km SSE of Vilyuchinsk, Russia"
us7000rmc9,-5.4787,2026-01-04 06:53:35.097000,152.1228,33.682,5.1,mb,0,400,"126 km S of Kokopo, Papua New Guinea"
us7000rmbt,2.816,2026-01-04 05:34:20.652000,128.6022,240.91,4.9,mb,0,369,"137 km NNE of Tobelo, Indonesia"
us7000rmbk,5.8204,2026-01-04 04:43:49.399000,127.0977,47.071,4.8,mb,0,354,"118 km ESE of Pondaguitan, Philippines"
us7000rmbi,-6.7463,2026-01-04 04:17:31.684000,115.5614,10.0,4.3,mb,0,284,"159 km NNE of Singaraja, Indonesia"
us7000rmbh,-6.2783,2026-01-04 03:55:36.668000,152.3668,10.0,5.0,mb,0,385,"214 km S of Kokopo, Papua New Guinea"
us7000rmb5,4.9308,2026-01-04 02:16:55.616000,127.5334,110.371,4.8,mb,0,354,"218 km SE of Pondaguitan, Philippines"
us7000rmaz,24.7136,2026-01-04 01:22:50.597000,121.7944,10.0,4.2,mb,0,272,"6 km SE of Yilan, Taiwan"
us7000rmaw,12.9797,2026-01-04 00:40:43.960000,49.821,10.0,4.5,mb,0,312,"151 km NW of Caluula, Somalia"
us7000rmaa,38.2915,2026-01-03 22:57:26.849000,38.8972,6.504,4.7,mb,0,341,"12 km W of Doğanyol, Turkey"
us7000rm9x,34.9964,2026-01-03 18:51:55.596000,104.4753,10.0,4.7,mb,0,340,"31 km NW of Hualin, China"
us7000rm9h,36.9063,2026-01-03 18:33:16.087000,71.3456,185.416,4.3,mb,0,284,"29 km NW of Ashkāsham, Afghanistan"
us7000rm8y,37.2869,2026-01-03 16:02:20.151000,71.8592,174.738,4.1,mb,0,259,"35 km SE of Khorugh, Tajikistan"
us7000rm8v,-3.139,2026-01-03 15:42:53.759000,102.761,209.807,4.4,mb,0,298,"20 km NNW of Lubuklinggau, Indonesia"
us7000rm84,-4.4631,2026-01-03 12:36:11.438000,153.973,381.671,4.6,mb,0,326,"189 km E of Kokopo, Papua New Guinea"
us7000rm7c,-5.8539,2026-01-03 07:42:25.643000,112.4577,10.0,4.6,mb,0,326,"113 km N of Paciran, Indonesia"
us7000rm78,-6.4414,2026-01-03 06:56:39.593000,143.5977,10.0,5.0,mb,0,385,"33 km SSW of Mendi, Papua New Guinea"
us7000rm6x,53.0766,2026-01-03 03:48:54.509000,159.67,60.504,4.7,mb,0,340,"69 km E of Petropavlovsk-Kamchatsky, Russia"
us7000rm5c,2.9005,2026-01-03 01:33:28.946000,128.7943,44.405,4.6,mb,0,326,"156 km NE of Tobelo, Indonesia"
us7000rm5g,51.9413,2026-01-03 01:30:37.323000,158.5249,82.961,4.3,mb,0,284,"110 km S of Vilyuchinsk, Russia"
us7000rm4l,-5.2707,2026-01-02 23:59:56.444000,131.6654,60.033,4.9,mb,0,369,"126 km WNW of Tual, Indonesia"
us7000rlz9,51.5632,2026-01-02 01:39:27.002000,159.6637,39.368,4.5,mb,0,312,"174 km SSE of Vilyuchinsk, Russia"
us7000rlyz,2.2145,2026-01-02 01:05:09.606000,127.3411,99.367,4.4,mb,0,298,"91 km NW of Tobelo, Indonesia"
us7000rlz4,45.406,2026-01-02 00:56:55.669000,118.4495,9.211,4.7,mb,0,340,"249 km NE of Xilin Hot, China"
us7000rlxx,43.9155,2026-01-01 21:26:11.110000,142.2354,190.212,4.2,mb,0,271,"12 km SSE of Horokanai, Japan"
us7000rlxk,13.9634,2026-01-01 19:32:50.950000,52.2489,10.0,4.6,mb,0,326,"194 km NW of Qalansīyah, Yemen"
us7000rlx8,22.7786,2026-01-01 18:48:59.593000,95.9225,10.0,4.9,mb,0,370,"32 km NE of Shwebo, Burma (Myanmar)"
us7000rlvw,7.7381,2026-01-01 16:16:11.880000,126.7755,40.072,5.0,mb,0,387,"25 km ENE of Kinablangan, Philippines"
us7000rlui,37.1436,2026-01-01 11:44:00.671000,71.1902,122.265,4.3,mb,0,284,"44 km NE of Jurm, Afghanistan"
us7000rlug,-4.2339,2026-01-01 11:31:59.093000,138.4388,136.721,5.0,mb,0,385,"148 km NNE of Agats, Indonesia"
us7000rlue,51.3161,2026-01-01 11:17:16.851000,159.2309,32.922,4.9,mb,0,369,"188 km SSE of Vilyuchinsk, Russia"
us7000rltq,-6.5324,2026-01-01 08:35:26.160000,129.9014,176.055,5.4,mb,0,449,Banda Sea
us7000rltp,4.992,2026-01-01 08:26:21.518000,127.4535,111.995,5.0,mb,0,385,"207 km SE of Pondaguitan, Philippines"
us7000rltk,51.4795,2026-01-01 07:42:58.014000,159.4196,32.282,4.6,mb,0,326,"175 km SSE of Vilyuchinsk, Russia"
us7000rlt6,51.5446,2026-01-01 05:22:08.528000,159.6982,28.776,4.3,mb,0,284,"177 km SSE of Vilyuchinsk, Russia"
us7000rlsy,51.3241,2026-01-01 04:34:29.390000,159.7049,20.415,4.6,mb,0,326,"199 km SSE of Vilyuchinsk, Russia"
us7000rlsr,-7.1146,2026-01-01 03:39:55.909000,129.3635,173.524,4.3,mb,0,284,"Kepulauan Babar, Indonesia"
us7000rls8,51.5699,2026-01-01 01:57:47.804000,159.3639,34.126,4.8,mb,0,354,"165 km SSE of Vilyuchinsk, Russia"
us7000rlr8,7.4283,2025-12-31 23:00:38.121000,126.9899,37.173,4.6,mb,0,326,"44 km E of Baculin, Philippines"
us7000rlqw,40.984,2025-12-31 22:00:24.925000,143.0054,64.338,4.9,mb,0,369,"127 km S of Honchō, Japan"
us7000rlqg,39.7986,2025-12-31 20:20:04.480000,141.865,58.369,4.4,mb,0,298,"7 km SE of Iwaizumi, Japan"
us7000rlqe,-5.0392,2025-12-31 20:19:50.058000,145.2204,93.793,4.3,mb,0,284,"65 km WNW of Madang, Papua New Guinea"
us7000rlq3,40.1119,2025-12-31 19:56:56.732000,142.8885,19.297,6.0,mww,0,555,"91 km E of Noda, Japan"
us7000rlq1,11.4099,2025-12-31 19:15:45.852000,140.0475,10.0,4.7,mb,0,340,"189 km NNW of Fais, Micronesia"
us7000rlps,3.1544,2025-12-31 17:48:19.748000,127.7093,106.207,4.4,mb,0,298,"161 km NNW of Tobelo, Indonesia"
us7000rln2,-2.661,2025-12-31 10:00:32.526000,121.9449,10.0,4.4,mb,0,298,"158 km NNW of Kendari, Indonesia"
us7000rlmq,-5.8337,2025-12-31 08:01:48.592000,128.621,344.399,4.2,mb,0,271,"241 km SSE of Ambon, Indonesia"
us7000rlmg,45.2301,2025-12-31 05:57:38.580000,150.1372,50.771,4.4,mb,0,298,"177 km E of Kuril’sk, Russia"
us7000rlm7,39.5079,2025-12-31 05:21:37.190000,142.6174,35.0,4.8,mb,0,354,"57 km E of Yamada, Japan"
us7000rllj,39.6543,2025-12-31 03:49:47.578000,143.2604,33.675,4.8,mww,0,354,"113 km E of Miyako, Japan"
us7000rlks,1.1978,2025-12-31 02:25:06.720000,123.3207,10.0,4.5,mb,0,312,"78 km NNE of Gorontalo, Indonesia"
us7000rlju,35.509,2025-12-30 20:35:31.780000,35.3837,10.0,4.3,mb,0,285,"36 km W of Latakia, Syria"
us7000rlim,4.6444,2025-12-30 19:13:09.464000,96.8231,10.0,4.5,mb,0,312,"63 km SSE of Bireun, Indonesia"
us7000rli5,-7.0134,2025-12-30 16:52:08.302000,155.273,10.0,5.1,mb,0,400,"80 km SSW of Panguna, Papua New Guinea"
us7000rlha,27.5468,2025-12-30 13:42:24.533000,128.7445,10.0,5.5,mww,0,468,"20 km NNE of Wadomari, Japan"
us7000rlft,18.2023,2025-12-30 09:14:01.085000,145.5359,210.422,4.6,mb,0,326,"Pagan region, Northern Mariana Islands"
us7000rlev,43.6548,2025-12-30 04:17:21.032000,147.5633,35.0,4.5,mb,0,312,"69 km ESE of Shikotan, Russia"
us7000rld7,36.1124,2025-12-29 22:30:06.991000,28.5016,42.846,4.1,mb,0,259,"36 km ESE of Afántou, Greece"
us7000rlcl,0.9527,2025-12-29 20:13:00.656000,126.1152,40.752,4.6,mb,0,326,"122 km ESE of Bitung, Indonesia"
us7000rlc8,-5.3688,2025-12-29 17:10:02.089000,152.4689,10.0,5.1,mb,0,400,"115 km S of Kokopo, Papua New Guinea"
us7000rlc1,-5.3962,2025-12-29 15:21:40.533000,35.1013,10.0,4.6,mb,0,326,"47 km SE of Ikungi, Tanzania"
us7000rlbc,51.9871,2025-12-29 11:09:24.848000,160.3442,10.0,4.7,mb,0,340,"167 km SE of Petropavlovsk-Kamchatsky, Russia"
us7000rlb5,0.2388,2025-12-29 10:47:56.087000,126.7404,112.842,4.5,mb,0,312,"94 km SW of Ternate, Indonesia"
us7000rl6y,49.2989,2025-12-28 19:10:00.956000,156.0604,54.639,4.6,mb,0,326,"153 km S of Severo-Kuril’sk, Russia"
us7000rl6l,49.5077,2025-12-28 16:16:27.929000,155.5501,73.183,4.6,mb,0,326,"136 km SSW of Severo-Kuril’sk, Russia"
us7000rl6a,37.8123,2025-12-28 15:24:55.890000,72.1437,129.733,4.3,mb,0,284,"63 km NE of Khorugh, Tajikistan"
us7000rl54,-0.0529,2025-12-28 07:45:50.516000,100.0718,58.494,4.6,mb,0,326,"43 km NW of Bukittinggi, Indonesia"
us7000rl53,-0.1226,2025-12-28 07:41:39.271000,100.1207,46.27,4.6,mb,0,326,"34 km NW of Bukittinggi, Indonesia"
us7000rl4c,35.7534,2025-12-28 04:51:18.392000,88.6751,10.0,4.1,mb,0,259,western Xizang
us7000rl49,22.7214,2025-12-28 04:33:25.377000,121.2068,26.055,4.3,mb,0,284,"82 km ENE of Donggang, Taiwan"
us7000rl48,29.6613,2025-12-28 04:17:58.444000,142.2648,10.0,4.4,mb,0,298,"Izu Islands, Japan region"
us7000rl3q,36.9657,2025-12-28 00:15:14.862000,71.2996,190.165,4.1,mb,0,259,"37 km NNW of Ashkāsham, Afghanistan"
us7000rl3l,15.3871,2025-12-27 23:56:23.590000,120.0686,65.232,4.7,mb,0,342,"9 km NNE of Mambog, Philippines"
us7000rl3f,29.7455,2025-12-27 23:14:37.048000,141.9521,46.141,5.1,mb,0,400,"Izu Islands, Japan region"
us7000rl3a,24.5968,2025-12-27 22:15:42.746000,122.0614,62.797,4.5,mb,0,312,"35 km ESE of Yilan, Taiwan"
us7000rl2n,24.6727,2025-12-27 20:35:55.423000,122.0572,63.0,6.6,mww,1,915,"32 km ESE of Yilan, Taiwan"
us7000rl21,26.721,2025-12-27 18:12:49.281000,92.3835,38.01,4.5,mb,0,312,"9 km WNW of Dhekiajuli, India"
us7000rl18,-6.3206,2025-12-27 13:48:17.199000,147.6422,62.335,4.7,mb,0,340,"34 km NW of Finschhafen, Papua New Guinea"
us7000rl0f,-5.4997,2025-12-27 08:30:17.096000,102.2421,10.0,4.9,mb,0,369,"187 km S of Bengkulu, Indonesia"
us7000rl0a,49.6163,2025-12-27 07:55:15.663000,158.6967,10.0,5.1,mb,0,400,"218 km ESE of Severo-Kuril’sk, Russia"
us7000rkzt,-5.5079,2025-12-27 06:40:11.763000,102.3468,10.0,5.2,mww,0,416,"189 km S of Bengkulu, Indonesia"
us7000rkyz,-5.5328,2025-12-27 05:52:31.387000,102.3143,10.0,5.6,mww,0,482,"191 km S of Bengkulu, Indonesia"
us7000rkyq,-4.5433,2025-12-27 04:32:24.826000,153.2228,84.163,5.2,mb,0,416,"108 km ESE of Kokopo, Papua New Guinea"
us7000rkxy,35.4532,2025-12-27 02:39:36.451000,135.6043,352.615,4.2,mb,0,271,"6 km SE of Takahama, Japan"
us7000rq6t,-9.2676,2025-12-27 02:18:48.958000,124.3365,32.198,4.4,mb,0,298,"9 km SW of Pante Makasar, Timor Leste"
us7000rq6r,-2.2499,2025-12-27 01:38:43.195000,139.1874,25.657,4.4,mb,0,298,"165 km WNW of Abepura, Indonesia"
us7000rkxb,40.8581,2025-12-27 01:14:26.501000,78.066,10.0,4.2,mb,0,271,"138 km NW of Tumxuk, China"
us7000rq6p,-5.3111,2025-12-27 00:52:46.899000,152.3367,43.703,4.5,mb,0,312,"107 km S of Kokopo, Papua New Guinea"
us7000rkwe,-4.8891,2025-12-26 20:59:52.165000,144.7642,99.677,4.4,mb,0,298,"119 km WNW of Madang, Papua New Guinea"
us7000rkw5,-8.6255,2025-12-26 19:49:38.249000,112.782,132.365,4.4,mb,0,298,"45 km S of Dampit, Indonesia"
us7000rkvl,29.0357,2025-12-26 16:14:53.530000,138.7343,492.571,4.8,mb,0,354,"Izu Islands, Japan region"
us7000rkv9,30.3457,2025-12-26 13:33:00.015000,138.3942,427.731,4.3,mb,0,284,"Izu Islands, Japan region"
us7000rq6g,-3.2176,2025-12-26 13:29:36.517000,143.5499,10.0,4.4,mb,0,298,"37 km NNW of Wewak, Papua New Guinea"
us7000rq6c,3.9623,2025-12-26 13:17:53.383000,97.3735,9.98,4.2,mb,0,271,"64 km ENE of Blangpidie, Indonesia"
us7000rkuu,-3.3888,2025-12-26 10:55:52.737000,143.6484,10.0,4.6,mb,0,326,"17 km N of Wewak, Papua New Guinea"
us7000rq58,-3.4284,2025-12-26 08:33:16.450000,143.6869,10.0,4.1,mb,0,259,"14 km NNE of Wewak, Papua New Guinea"
us7000rq68,52.1319,2025-12-26 06:45:21.177000,160.7323,10.0,4.4,mb,0,298,"176 km SE of Petropavlovsk-Kamchatsky, Russia"
us7000rq69,50.2714,2025-12-26 06:30:17.223000,156.439,56.548,4.3,mb,0,284,"50 km SSE of Severo-Kuril’sk, Russia"
us7000rktm,23.7096,2025-12-26 04:30:05.553000,70.4196,10.0,4.6,mb,0,326,"27 km WNW of Rāpar, India"
us7000rksw,-6.1939,2025-12-26 03:03:26.099000,147.8366,49.905,4.3,mb,0,284,"40 km N of Finschhafen, Papua New Guinea"
us7000rksj,0.1711,2025-12-26 01:56:16.333000,129.64,10.0,4.5,mb,0,312,"106 km WNW of Waisai, Indonesia"
us7000rks9,57.8588,2025-12-26 01:09:36.800000,155.7394,10.0,4.9,mb,0,369,"175 km W of Tigil’, Russia"
us7000rks4,52.4334,2025-12-26 01:00:23.266000,163.6378,10.0,4.5,mb,0,312,"off the east coast of the Kamchatka Peninsula, Russia"
us7000rq5w,-4.5045,2025-12-26 00:22:41.478000,152.2189,104.384,4.2,mb,0,271,"18 km SSW of Kokopo, Papua New Guinea"
us7000rkre,0.5079,2025-12-25 22:31:45.586000,123.6649,260.89,4.7,mb,0,340,"67 km E of Gorontalo, Indonesia"
us7000rkr3,41.2616,2025-12-25 21:55:51.382000,142.4348,56.471,4.6,mb,0,326,"101 km E of Yokohama, Japan"
us7000rkqm,41.1736,2025-12-25 21:47:41.849000,142.4158,55.17,5.6,mww,0,482,"98 km E of Yokohama, Japan"
us7000rq5r,11.7644,2025-12-25 21:18:58.913000,143.2277,10.0,4.7,mb,0,340,"228 km SW of Merizo Village, Guam"
us7000rkqh,24.828,2025-12-25 20:49:41.275000,97.8254,10.0,4.4,mb,0,298,"17 km NW of Yingjiang, China"
us7000rkqb,44.3631,2025-12-25 18:47:00.600000,149.0615,35.0,4.8,mb,0,354,"134 km SE of Kuril’sk, Russia"
us7000rknj,51.3617,2025-12-25 08:30:52.811000,159.3469,35.0,4.4,mb,0,298,"186 km SSE of Vilyuchinsk, Russia"
us7000rknh,3.1466,2025-12-25 08:18:05.359000,125.7941,138.464,4.3,mb,0,284,"202 km NNE of Bitung, Indonesia"
us7000rkml,43.6166,2025-12-25 04:30:09.544000,148.0299,32.101,4.9,mb,0,369,"107 km ESE of Shikotan, Russia"
us7000rkmf,11.7877,2025-12-25 04:07:32.301000,143.2303,10.0,5.1,mww,0,400,"226 km SW of Merizo Village, Guam"
us7000rklx,6.3202,2025-12-25 02:35:16.296000,123.9547,539.225,4.1,mb,0,259,"17 km SW of Sangay, Philippines"
us7000rkl6,22.9072,2025-12-25 01:11:12.201000,121.2203,9.13,4.3,mb,0,284,"81 km ESE of Yujing, Taiwan"
us7000rkkk,11.8121,2025-12-24 20:30:35.859000,143.3447,13.593,5.7,mww,0,500,"215 km SW of Merizo Village, Guam"
us7000rkke,13.0455,2025-12-24 19:03:58.121000,144.6313,50.646,5.0,mb,0,388,"24 km S of Merizo Village, Guam"
us7000rkjm,22.8505,2025-12-24 15:17:06.464000,121.2069,10.0,6.0,mww,0,600,"2025 Taitung, Taiwan Earthquake"
us7000rkj5,8.3761,2025-12-24 11:20:52.056000,127.5725,10.0,4.7,mb,0,340,"127 km E of Barcelona, Philippines"
us7000rkj2,-4.6197,2025-12-24 11:00:31.703000,102.4545,59.634,4.8,mb,0,354,"92 km SSE of Bengkulu, Indonesia"
us7000rkiw,12.6319,2025-12-24 09:39:47.901000,92.7492,35.0,4.8,mb,0,354,"103 km N of Bamboo Flat, India"
us7000rq46,41.0526,2025-12-24 09:34:30.322000,142.7449,48.067,4.1,mb,0,259,"120 km S of Honchō, Japan"
us7000rkin,-5.8971,2025-12-24 08:42:29.509000,149.5868,134.441,4.1,mb,0,259,"34 km N of Kandrian, Papua New Guinea"
us7000rq44,55.5825,2025-12-24 08:35:45.006000,161.7852,97.631,4.2,mb,0,271,"83 km SSW of Ust’-Kamchatsk Staryy, Russia"
us7000rkk1,19.3828,2025-12-24 08:30:19.410000,39.3851,10.0,4.3,mb,0,284,"204 km ENE of Tokār, Sudan"
us7000rki8,19.2908,2025-12-24 07:25:53.268000,39.2095,10.0,4.5,mb,0,312,"183 km ENE of Tokār, Sudan"
us7000rkgn,28.3188,2025-12-24 04:13:05.916000,51.6007,10.0,4.1,mb,0,259,"103 km SE of Bushehr, Iran"
us7000rkff,51.1924,2025-12-24 01:33:29.010000,159.475,10.0,4.6,mb,0,326,"206 km SSE of Vilyuchinsk, Russia"
us7000rkf6,49.6145,2025-12-24 01:19:16.528000,158.0676,10.0,4.7,mb,0,340,"182 km SE of Severo-Kuril’sk, Russia"
us7000rkcs,53.0792,2025-12-23 20:34:43.098000,159.5291,78.401,4.4,mb,0,298,"60 km E of Petropavlovsk-Kamchatsky, Russia"
us7000rq38,43.3943,2025-12-23 18:49:30.985000,147.7436,45.258,4.2,mb,0,271,"93 km ESE of Shikotan, Russia"
us7000rkc0,-4.1352,2025-12-23 16:52:09.935000,128.6654,12.598,4.5,mb,0,312,"72 km SE of Ambon, Indonesia"
us7000rkbp,-5.5727,2025-12-23 15:24:53.027000,147.4108,196.726,5.2,mww,0,416,"119 km NNW of Finschhafen, Papua New Guinea"
us7000rkbm,33.1492,2025-12-23 15:14:21.788000,137.9363,336.946,5.2,mww,0,416,"163 km S of Ōyama, Japan"
us7000rkb9,23.7299,2025-12-23 13:16:09.541000,121.6344,35.977,4.8,mb,0,355,"27 km S of Hualien City, Taiwan"
us7000rkas,40.6877,2025-12-23 10:02:35.126000,51.7147,57.097,5.1,mb,0,400,"120 km E of Pirallahı, Azerbaijan"
us7000rkan,-8.1053,2025-12-23 09:40:35.099000,119.1657,9.121,4.4,mb,0,298,"54 km NNE of Sape, Indonesia"
us7000rk7x,36.6911,2025-12-23 02:39:20.177000,26.9985,146.168,4.2,mb,0,271,"6 km SSE of Kéfalos, Greece"
us7000rpy2,42.2758,2025-12-23 01:33:48.432000,143.1513,65.468,4.2,mb,0,271,"12 km W of Hiroo, Japan"
us7000rk5u,0.9916,2025-12-23 00:15:41.373000,120.5479,596.654,4.6,mb,0,326,"223 km NNE of Palu, Indonesia"
us7000rk4l,-6.2539,2025-12-22 23:33:23.345000,149.149,55.607,4.6,mb,0,326,"44 km W of Kandrian, Papua New Guinea"
us7000rk45,-6.1896,2025-12-22 22:59:00.598000,131.2316,67.326,4.6,mb,0,326,"179 km WSW of Tual, Indonesia"
us6000rwi2,21.3014,2025-12-22 21:15:59.017000,101.6237,10.0,4.3,mb,0,284,"45 km NNE of Luang Namtha, Laos"
us6000rwhi,-6.2285,2025-12-22 19:30:22.479000,151.7986,10.0,4.9,mb,0,369,"198 km ESE of Kimbe, Papua New Guinea"
us6000rwh8,25.9918,2025-12-22 18:08:09.746000,126.0972,92.397,4.9,mb,0,369,"154 km NNE of Hirara, Japan"
us6000rwh7,39.3959,2025-12-22 18:01:20.713000,114.3469,10.0,4.6,mb,0,326,"98 km N of Beitanzhuang, China"
us6000rwh3,52.957,2025-12-22 16:48:51.026000,159.9218,63.834,4.3,mb,0,284,"87 km E of Petropavlovsk-Kamchatsky, Russia"
us6000rwgh,-5.7036,2025-12-22 16:01:27.918000,145.5368,107.0,6.5,mww,0,657,"45 km NNE of Goroka, Papua New Guinea"
us7000rpxh,1.4709,2025-12-22 15:35:15.480000,126.4328,58.006,4.1,mb,0,259,"129 km NW of Ternate, Indonesia"
us6000rweu,8.3905,2025-12-22 06:44:13.210000,127.7205,10.0,4.6,mb,0,326,"144 km E of Barcelona, Philippines"
us6000rwed,39.7525,2025-12-22 05:03:04.804000,141.8182,67.302,4.4,mb,0,298,"10 km S of Iwaizumi, Japan"
us6000rwea,-5.5392,2025-12-22 04:37:31.620000,151.7495,49.595,5.3,mww,0,432,"144 km SSW of Kokopo, Papua New Guinea"
us6000rwe1,17.6459,2025-12-22 03:56:57.880000,146.0746,132.366,4.8,mb,0,354,"271 km N of Saipan, Northern Mariana Islands"
us7000rpwu,13.3812,2025-12-22 03:10:40.916000,146.3363,10.0,4.5,mb,0,312,"157 km E of Yigo Village, Guam"
us6000rwdq,41.3075,2025-12-22 02:46:45.732000,78.8586,10.0,4.2,mwr,0,271,"114 km WNW of Aykol, China"
us6000rwde,41.143,2025-12-22 01:02:37.107000,143.0842,41.623,4.3,mb,0,284,"110 km S of Honchō, Japan"
us6000rwcs,8.3269,2025-12-21 23:23:56.762000,127.7059,9.0,5.6,mww,0,482,"141 km E of Barcelona, Philippines"
us6000rwcm,-7.1723,2025-12-21 22:33:00.569000,129.3087,151.324,4.3,mb,0,284,"295 km ENE of Lospalos, Timor Leste"
us7000rpwv,44.4729,2025-12-21 22:15:44.243000,149.2385,61.717,4.4,mb,0,298,"136 km SE of Kuril’sk, Russia"
us6000rwce,30.0004,2025-12-21 21:20:42.739000,138.8563,408.142,4.1,mb,0,259,"Izu Islands, Japan region"
us6000rwc5,-5.63,2025-12-21 19:53:33.447000,151.8978,53.45,4.9,mb,0,369,"148 km SSW of Kokopo, Papua New Guinea"
us6000rwbl,1.4656,2025-12-21 17:51:46.994000,126.2882,54.947,5.6,mb,0,483,"129 km E of Bitung, Indonesia"
us7000rpwl,14.3872,2025-12-21 15:47:41.838000,146.9368,10.0,4.5,mb,0,312,"155 km ESE of San Jose Village, Northern Mariana Islands"
us6000rwbe,23.7708,2025-12-21 15:30:41.219000,122.4699,10.0,4.4,mb,0,298,"91 km ESE of Hualien City, Taiwan"
us6000rwba,30.1906,2025-12-21 15:06:03.915000,138.642,432.202,4.4,mb,0,298,"Izu Islands, Japan region"
us6000rwaw,34.7697,2025-12-21 12:28:47.794000,141.8354,10.0,5.1,mb,0,400,"140 km SE of Hasaki, Japan"
us7000rpwc,27.4102,2025-12-21 12:21:40.730000,129.0743,38.417,4.2,mb,0,271,"32 km SSE of Isen, Japan"
us7000rpwi,49.8811,2025-12-21 12:10:08.854000,155.8327,93.441,4.0,mb,0,246,"90 km SSW of Severo-Kuril’sk, Russia"
us6000rwak,-7.3365,2025-12-21 11:11:58.397000,128.9356,151.05,4.5,mb,0,312,"250 km ENE of Lospalos, Timor Leste"
us6000rwai,-5.5625,2025-12-21 10:55:25.421000,151.8606,33.352,5.2,mww,0,416,"142 km SSW of Kokopo, Papua New Guinea"
us6000rwah,38.8378,2025-12-21 10:45:04.388000,70.6248,10.0,4.8,mb,0,354,"30 km SE of Rasht, Tajikistan"
us7000rpwa,43.4728,2025-12-21 10:44:39.139000,147.9039,44.501,4.4,mb,0,298,"102 km ESE of Shikotan, Russia"
us6000rwaf,43.5908,2025-12-21 10:17:09.318000,147.6524,35.0,4.7,mb,0,340,"78 km ESE of Shikotan, Russia"
us6000rwa4,43.3719,2025-12-21 09:33:38.795000,147.8962,10.0,5.0,mb,0,385,"106 km ESE of Shikotan, Russia"
us6000rwa3,-6.7257,2025-12-21 09:32:08.814000,131.238,35.0,5.2,mb,0,416,"206 km SW of Tual, Indonesia"
us6000rwbj,43.4104,2025-12-21 09:22:40.794000,147.8847,35.0,5.0,mb,0,385,"103 km ESE of Shikotan, Russia"
us6000rwa0,43.382,2025-12-21 09:17:59.694000,148.0115,10.0,5.2,mww,0,416,"114 km ESE of Shikotan, Russia"
us7000rpw6,43.5793,2025-12-21 09:16:01.364000,147.9402,35.0,4.3,mb,0,284,"101 km ESE of Shikotan, Russia"
us6000rw9z,43.5394,2025-12-21 09:03:44.321000,147.7812,35.0,4.8,mb,0,354,"90 km ESE of Shikotan, Russia"
us7000rpwd,43.2082,2025-12-21 08:40:44.799000,148.2215,10.0,4.3,mb,0,284,"137 km ESE of Shikotan, Russia"
us7000rpwb,13.0963,2025-12-21 08:19:08.341000,125.6848,10.0,4.2,mb,0,271,"81 km NE of Cabatuan, Philippines"
us6000rw9k,43.5958,2025-12-21 07:35:38.318000,147.717,35.0,5.1,mb,0,400,"83 km ESE of Shikotan, Russia"
us6000rw94,40.8014,2025-12-21 06:59:03.535000,142.0514,57.224,5.4,mww,0,450,"57 km ENE of Misawa, Japan"
us7000rpw7,44.4737,2025-12-21 06:03:24.945000,147.3609,78.09,4.4,mb,0,298,"90 km NE of Shikotan, Russia"
us6000rw91,43.5603,2025-12-21 05:56:01.790000,147.7479,35.0,4.9,mb,0,369,"86 km ESE of Shikotan, Russia"
us6000rw90,43.6227,2025-12-21 05:52:26.331000,147.7912,56.31,5.0,mb,0,385,"88 km ESE of Shikotan, Russia"
us6000rw8v,43.5316,2025-12-21 05:49:01.633000,147.9119,10.0,4.9,mb,0,369,"100 km ESE of Shikotan, Russia"
us6000rw8p,43.6347,2025-12-21 05:16:28.368000,147.8298,10.0,4.8,mb,0,354,"91 km ESE of Shikotan, Russia"
us6000rw8l,36.7861,2025-12-21 04:43:56.133000,25.7763,10.0,4.0,mb,0,246,"12 km WSW of Amorgós, Greece"
us6000rw8t,-2.518,2025-12-21 04:29:23.138000,121.6537,10.0,4.3,mb,0,285,"147 km E of Masamba, Indonesia"
us6000rw8c,-6.5068,2025-12-21 02:50:58.786000,143.714,20.404,4.3,mb,0,284,"39 km SW of Ialibu, Papua New Guinea"
us7000rpmh,1.6029,2025-12-20 22:19:32.662000,127.2081,99.575,4.0,mb,0,246,"90 km W of Tobelo, Indonesia"
us7000rpmf,14.9206,2025-12-20 21:21:17.597000,144.7328,17.607,4.1,mb,0,259,"95 km W of San Jose Village, Northern Mariana Islands"
us7000rpmm,13.9134,2025-12-20 20:02:56.688000,144.6483,148.056,3.8,mb,0,222,"48 km NNW of Dededo Village, Guam"
us6000rw6y,51.081,2025-12-20 19:10:11.329000,159.6891,10.0,4.4,mb,0,298,"223 km SSE of Vilyuchinsk, Russia"
us6000rw6w,-5.2321,2025-12-20 18:43:26.934000,102.4614,34.436,4.6,mb,0,326,"159 km SSW of Pagar Alam, Indonesia"
us6000rw6s,42.752,2025-12-20 18:28:54.590000,145.9512,35.0,5.2,mb,0,416,"70 km SSE of Nemuro, Japan"
us7000rpma,42.7784,2025-12-20 18:03:54.746000,146.1329,30.408,4.8,mb,0,354,"75 km SE of Nemuro, Japan"
us6000rw6m,42.7172,2025-12-20 18:00:32.222000,145.9797,41.616,5.3,mww,0,432,"75 km SSE of Nemuro, Japan"
us6000rw6b,0.4908,2025-12-20 16:03:26.018000,121.9251,121.632,5.0,mww,0,385,"126 km W of Gorontalo, Indonesia"
us6000rw5j,10.1964,2025-12-20 11:22:31.330000,126.1748,10.0,4.5,mb,0,312,"24 km NE of Santa Monica, Philippines"
us7000rplw,43.5911,2025-12-20 11:03:35.761000,147.3447,55.299,4.3,mb,0,284,"55 km ESE of Shikotan, Russia"
us7000rplu,33.4962,2025-12-20 10:07:15.458000,71.9641,10.0,4.3,mb,0,284,"8 km NW of Jand, Pakistan"
us7000rplq,51.7563,2025-12-20 08:20:34.655000,160.359,10.0,4.4,mb,0,298,"186 km SE of Vilyuchinsk, Russia"
us6000rw49,51.7074,2025-12-20 05:54:53.729000,160.1951,22.427,4.9,mb,0,369,"182 km SE of Vilyuchinsk, Russia"
us7000rpg9,-6.6746,2025-12-20 04:37:25.838000,155.1661,10.0,4.4,mb,0,298,"53 km SW of Panguna, Papua New Guinea"
us6000rw3f,49.9822,2025-12-20 03:21:26.555000,155.9471,76.485,4.4,mb,0,298,"78 km S of Severo-Kuril’sk, Russia"
us6000rw3d,39.7195,2025-12-20 03:10:07.401000,143.2649,36.166,4.7,mb,0,340,"113 km E of Miyako, Japan"
us7000rpg7,13.4712,2025-12-20 02:26:47.335000,144.4359,121.198,4.0,mb,0,246,"26 km WNW of Agat Village, Guam"
us7000rpg2,52.2582,2025-12-19 23:42:45.265000,159.7259,50.987,4.2,mb,0,271,"116 km SE of Petropavlovsk-Kamchatsky, Russia"
us7000rpg1,20.1401,2025-12-19 22:25:21.127000,148.0872,10.0,4.4,mb,0,298,Mariana Islands region
us6000rw1t,8.6086,2025-12-19 22:21:24.746000,127.0236,42.099,4.4,mb,0,298,"80 km ENE of Hinatuan, Philippines"
us7000rpg0,44.3318,2025-12-19 21:15:51.999000,147.9332,94.8,4.4,mb,0,298,"99 km S of Kuril’sk, Russia"
us7000rpfy,7.603,2025-12-19 20:21:34.187000,126.9087,35.051,4.1,mb,0,259,"38 km E of Baganga, Philippines"
us6000rvz6,27.3099,2025-12-19 19:08:52.836000,53.8953,10.0,4.3,mb,0,284,"46 km SSW of Gerāsh, Iran"
us7000rqfh,-6.3027,2026-01-18 19:28:47.500000,130.5022,155.418,4.2,mb,0,271,"260 km WSW of Tual, Indonesia"
us7000rqf8,50.4538,2026-01-18 18:18:51.969000,158.552,10.0,4.6,mb,0,326,"173 km E of Severo-Kuril’sk, Russia"
us7000rqel,42.4271,2026-01-18 15:16:49.499000,145.3005,10.0,4.8,mb,0,354,"76 km SSE of Akkeshi, Japan"
us7000rq2y,-7.1085,2025-12-23 12:24:46.923000,129.2665,137.45,4.2,mb,0,271,"294 km ENE of Lospalos, Timor Leste"
