id,latitude,longitude,bright_ti4,scan,track,acq_date,acq_time,satellite,instrument,confidence,version,bright_ti5,frp,daynight
35889,25.32477,118.84898,322.08,1.11,1.05,2026-01-18,113,Terra,MODIS,81,6.1NRT,288.08,23.17,D
35890,25.32617,118.8382,309.84,1.11,1.05,2026-01-18,113,Terra,MODIS,69,6.1NRT,288.02,10.79,D
35891,26.53866,118.7792,315.9,1.15,1.07,2026-01-18,113,Terra,MODIS,76,6.1NRT,284.51,19.89,D
35892,26.64844,118.91158,317.75,1.13,1.06,2026-01-18,113,Terra,MODIS,78,6.1NRT,284.97,21.69,D
35893,26.65205,119.1806,300.63,1.11,1.05,2026-01-18,113,Terra,MODIS,40,6.1NRT,283.61,7.08,D
35894,26.99459,119.52006,301.79,1.08,1.04,2026-01-18,113,Terra,MODIS,49,6.1NRT,285.95,7.05,D
35895,27.20285,118.88581,317.26,1.15,1.07,2026-01-18,113,Terra,MODIS,77,6.1NRT,286.15,20.92,D
35896,22.53887,120.34928,311.41,1.0,1.0,2026-01-18,115,Terra,MODIS,0,6.1NRT,293.56,6.73,D
35897,16.03091,121.06126,309.54,1.13,1.06,2026-01-18,117,Terra,MODIS,69,6.1NRT,292.17,6.91,D
35898,16.03245,121.05122,309.58,1.13,1.06,2026-01-18,117,Terra,MODIS,69,6.1NRT,289.97,7.06,D
35899,7.71716,124.98303,309.51,2.97,1.64,2026-01-18,119,Terra,MODIS,65,6.1NRT,285.39,27.5,D
35900,7.71955,124.99026,306.47,2.97,1.64,2026-01-18,119,Terra,MODIS,58,6.1NRT,285.41,17.96,D
35901,36.65069,101.57237,310.44,1.1,1.04,2026-01-18,249,Terra,MODIS,53,6.1NRT,267.29,16.63,D
35902,25.44642,102.41667,300.09,1.9,1.35,2026-01-18,251,Terra,MODIS,27,6.1NRT,283.75,14.18,D
35903,25.45191,102.41129,306.05,1.9,1.35,2026-01-18,251,Terra,MODIS,61,6.1NRT,283.86,22.12,D
35904,25.68956,103.43076,300.42,2.23,1.45,2026-01-18,251,Terra,MODIS,36,6.1NRT,283.37,16.61,D
35905,25.76283,100.38012,304.22,1.37,1.16,2026-01-18,251,Terra,MODIS,58,6.1NRT,284.52,11.0,D
35906,25.77229,101.65305,305.91,1.66,1.27,2026-01-18,251,Terra,MODIS,54,6.1NRT,287.61,15.98,D
35907,25.79663,101.716,304.19,1.67,1.27,2026-01-18,251,Terra,MODIS,45,6.1NRT,286.04,12.9,D
35908,26.16006,100.40982,301.61,1.36,1.15,2026-01-18,251,Terra,MODIS,20,6.1NRT,289.85,7.61,D
35909,26.17592,101.67326,301.16,1.63,1.26,2026-01-18,251,Terra,MODIS,36,6.1NRT,287.55,9.09,D
35910,26.24037,102.90689,304.2,1.99,1.38,2026-01-18,251,Terra,MODIS,57,6.1NRT,281.76,22.13,D
35911,26.5409,100.94244,302.94,1.44,1.19,2026-01-18,251,Terra,MODIS,52,6.1NRT,286.47,10.42,D
35912,26.61578,101.60452,304.22,1.58,1.24,2026-01-18,251,Terra,MODIS,51,6.1NRT,285.22,12.64,D
35913,26.61852,101.58876,311.33,1.58,1.24,2026-01-18,251,Terra,MODIS,71,6.1NRT,286.83,21.85,D
35914,26.62081,101.59592,319.29,1.58,1.24,2026-01-18,251,Terra,MODIS,79,6.1NRT,285.88,36.9,D
35915,27.0757,103.14578,305.37,1.98,1.37,2026-01-18,251,Terra,MODIS,40,6.1NRT,280.62,20.34,D
35916,27.21053,104.01884,301.81,2.27,1.46,2026-01-18,251,Terra,MODIS,35,6.1NRT,286.19,15.04,D
35917,27.22321,104.02144,305.46,2.27,1.46,2026-01-18,251,Terra,MODIS,61,6.1NRT,286.56,22.65,D
35918,27.46497,102.75663,302.1,1.83,1.32,2026-01-18,251,Terra,MODIS,28,6.1NRT,282.13,14.67,D
35919,27.47645,102.75903,305.8,1.83,1.32,2026-01-18,251,Terra,MODIS,60,6.1NRT,282.02,20.95,D
35920,27.68362,101.67756,308.19,1.53,1.22,2026-01-18,251,Terra,MODIS,67,6.1NRT,279.03,21.73,D
35921,27.68443,101.32735,311.83,1.46,1.19,2026-01-18,251,Terra,MODIS,55,6.1NRT,280.71,22.36,D
35922,27.7279,102.21567,305.11,1.65,1.26,2026-01-18,251,Terra,MODIS,61,6.1NRT,284.64,15.67,D
35923,27.76014,101.3637,317.98,1.46,1.19,2026-01-18,251,Terra,MODIS,40,6.1NRT,282.72,28.94,D
35924,27.86314,101.58978,319.09,1.5,1.21,2026-01-18,251,Terra,MODIS,75,6.1NRT,280.32,34.83,D
35925,28.05578,96.05185,320.64,1.02,1.01,2026-01-18,251,Terra,MODIS,80,6.1NRT,291.5,19.26,D
35926,28.05715,96.04175,307.34,1.02,1.01,2026-01-18,251,Terra,MODIS,65,6.1NRT,290.18,8.23,D
35927,28.46531,102.56565,300.21,1.69,1.28,2026-01-18,251,Terra,MODIS,32,6.1NRT,284.17,12.89,D
35928,32.14764,103.23302,304.99,1.57,1.24,2026-01-18,251,Terra,MODIS,55,6.1NRT,278.55,19.28,D
35929,32.22832,102.32445,302.25,1.38,1.16,2026-01-18,251,Terra,MODIS,51,6.1NRT,275.08,13.97,D
35930,20.1965,94.67294,309.59,1.01,1.0,2026-01-18,253,Terra,MODIS,67,6.1NRT,297.01,5.92,D
35931,20.61127,95.51958,309.92,1.0,1.0,2026-01-18,253,Terra,MODIS,66,6.1NRT,299.03,4.95,D
35932,20.61523,94.65379,309.35,1.01,1.0,2026-01-18,253,Terra,MODIS,66,6.1NRT,294.81,6.3,D
35933,20.695,94.99831,310.21,1.0,1.0,2026-01-18,253,Terra,MODIS,59,6.1NRT,297.73,4.97,D
35934,20.7337,95.05851,307.76,1.0,1.0,2026-01-18,253,Terra,MODIS,19,6.1NRT,296.66,3.53,D
35935,20.7443,94.9837,310.51,1.0,1.0,2026-01-18,253,Terra,MODIS,66,6.1NRT,297.85,5.56,D
35936,20.74563,94.97433,309.0,1.0,1.0,2026-01-18,253,Terra,MODIS,49,6.1NRT,297.66,4.34,D
35937,20.75262,95.05192,314.97,1.0,1.0,2026-01-18,253,Terra,MODIS,73,6.1NRT,297.06,8.43,D
35938,20.75708,94.95697,308.9,1.0,1.0,2026-01-18,253,Terra,MODIS,64,6.1NRT,296.71,4.52,D
35939,21.05423,94.61745,306.83,1.01,1.01,2026-01-18,253,Terra,MODIS,63,6.1NRT,296.21,4.59,D
35940,21.71778,96.22479,312.6,1.01,1.01,2026-01-18,253,Terra,MODIS,73,6.1NRT,296.31,8.83,D
35941,21.77269,100.59675,302.17,1.67,1.27,2026-01-18,253,Terra,MODIS,45,6.1NRT,290.69,10.26,D
35942,21.7728,100.60249,305.18,1.67,1.27,2026-01-18,253,Terra,MODIS,47,6.1NRT,290.85,13.18,D
35943,21.80083,100.36536,308.13,1.61,1.25,2026-01-18,253,Terra,MODIS,55,6.1NRT,289.54,16.4,D
35944,21.87524,95.0048,307.72,1.01,1.0,2026-01-18,253,Terra,MODIS,63,6.1NRT,297.45,4.11,D
35945,21.95746,100.53275,308.07,1.64,1.26,2026-01-18,253,Terra,MODIS,66,6.1NRT,286.89,20.01,D
35946,22.28588,96.81596,302.03,1.04,1.02,2026-01-18,253,Terra,MODIS,50,6.1NRT,291.34,4.32,D
35947,22.28733,96.80627,322.11,1.04,1.02,2026-01-18,253,Terra,MODIS,81,6.1NRT,292.1,20.7,D
35948,22.48815,99.45611,301.2,1.36,1.16,2026-01-18,253,Terra,MODIS,45,6.1NRT,286.12,8.75,D
35949,23.11693,101.19428,300.05,1.74,1.29,2026-01-18,253,Terra,MODIS,23,6.1NRT,285.58,12.78,D
35950,23.42807,102.25135,301.32,2.04,1.39,2026-01-18,253,Terra,MODIS,39,6.1NRT,289.97,11.66,D
35951,23.43133,102.25937,301.74,2.04,1.39,2026-01-18,253,Terra,MODIS,49,6.1NRT,290.4,11.85,D
35952,23.47667,102.15036,304.0,2.0,1.38,2026-01-18,253,Terra,MODIS,54,6.1NRT,289.7,15.8,D
35953,23.53119,102.77295,300.69,2.22,1.44,2026-01-18,253,Terra,MODIS,37,6.1NRT,290.55,10.64,D
35954,23.53165,102.77946,300.55,2.22,1.44,2026-01-18,253,Terra,MODIS,39,6.1NRT,290.31,11.05,D
35955,23.58858,104.13854,300.36,2.79,1.6,2026-01-18,253,Terra,MODIS,35,6.1NRT,287.17,19.86,D
35956,23.60515,98.9197,302.2,1.22,1.1,2026-01-18,253,Terra,MODIS,51,6.1NRT,286.58,8.27,D
35957,23.61583,103.3079,300.6,2.42,1.5,2026-01-18,253,Terra,MODIS,29,6.1NRT,288.96,13.9,D
35958,23.77342,86.39634,300.39,3.55,1.77,2026-01-18,253,Terra,MODIS,14,6.1NRT,288.88,24.47,D
35959,23.97705,97.6754,301.0,1.07,1.03,2026-01-18,253,Terra,MODIS,44,6.1NRT,285.82,6.47,D
35960,23.97862,97.66522,303.58,1.07,1.03,2026-01-18,253,Terra,MODIS,56,6.1NRT,286.02,8.27,D
35961,24.16175,98.51419,302.64,1.15,1.07,2026-01-18,253,Terra,MODIS,53,6.1NRT,286.43,8.54,D
35962,24.17818,103.14464,300.84,2.29,1.46,2026-01-18,253,Terra,MODIS,36,6.1NRT,287.05,16.12,D
35963,24.40231,95.86534,316.02,1.0,1.0,2026-01-18,253,Terra,MODIS,76,6.1NRT,288.13,14.07,D
35964,24.40366,95.85574,304.5,1.0,1.0,2026-01-18,253,Terra,MODIS,54,6.1NRT,289.15,5.79,D
35965,24.58824,100.32112,300.61,1.42,1.18,2026-01-18,253,Terra,MODIS,38,6.1NRT,284.02,9.78,D
35966,24.7415,97.9959,311.22,1.08,1.04,2026-01-18,253,Terra,MODIS,63,6.1NRT,286.62,12.46,D
35967,24.75042,101.72327,303.92,1.76,1.3,2026-01-18,253,Terra,MODIS,56,6.1NRT,285.31,16.47,D
35968,24.75063,97.99711,300.93,1.08,1.04,2026-01-18,253,Terra,MODIS,21,6.1NRT,285.08,4.95,D
35969,14.96886,100.98669,308.92,2.43,1.5,2026-01-18,255,Terra,MODIS,44,6.1NRT,295.6,14.05,D
35970,16.23215,99.77995,307.47,1.85,1.33,2026-01-18,255,Terra,MODIS,54,6.1NRT,296.09,9.4,D
35971,16.2888,99.84847,310.05,1.87,1.34,2026-01-18,255,Terra,MODIS,62,6.1NRT,296.36,13.02,D
35972,18.90508,95.45058,309.4,1.01,1.0,2026-01-18,255,Terra,MODIS,67,6.1NRT,297.33,5.28,D
35973,18.97772,95.38594,311.44,1.01,1.0,2026-01-18,255,Terra,MODIS,70,6.1NRT,298.27,6.53,D
35974,18.98112,95.42453,320.69,1.01,1.0,2026-01-18,255,Terra,MODIS,80,6.1NRT,297.96,14.16,D
35975,18.98247,95.41523,319.14,1.01,1.0,2026-01-18,255,Terra,MODIS,79,6.1NRT,297.96,12.71,D
35976,18.98587,95.45384,308.0,1.01,1.0,2026-01-18,255,Terra,MODIS,56,6.1NRT,296.98,4.2,D
35977,19.0364,95.18355,317.61,1.0,1.0,2026-01-18,255,Terra,MODIS,77,6.1NRT,297.64,11.89,D
35978,19.11812,96.30939,310.05,1.05,1.02,2026-01-18,255,Terra,MODIS,69,6.1NRT,297.07,6.83,D
35979,19.11835,96.36928,309.86,1.06,1.03,2026-01-18,255,Terra,MODIS,69,6.1NRT,296.07,6.7,D
35980,19.11981,96.35954,307.09,1.06,1.03,2026-01-18,255,Terra,MODIS,65,6.1NRT,295.57,4.72,D
35981,33.01199,74.98061,302.25,1.04,1.02,2026-01-18,429,Terra,MODIS,47,6.1NRT,286.05,6.61,D
35982,20.87138,74.96504,307.49,1.48,1.2,2026-01-18,431,Terra,MODIS,54,6.1NRT,295.34,7.64,D
35983,20.87365,75.08047,307.22,1.51,1.21,2026-01-18,431,Terra,MODIS,56,6.1NRT,294.95,9.05,D
35984,20.876,75.06652,314.04,1.51,1.21,2026-01-18,431,Terra,MODIS,71,6.1NRT,294.95,18.01,D
35985,20.88189,74.96709,308.45,1.48,1.2,2026-01-18,431,Terra,MODIS,60,6.1NRT,295.93,8.78,D
35986,21.10167,72.64018,313.61,1.1,1.04,2026-01-18,431,Terra,MODIS,54,6.1NRT,296.29,10.81,D
35987,21.51087,72.92314,305.13,1.12,1.05,2026-01-18,431,Terra,MODIS,51,6.1NRT,294.73,4.47,D
35988,21.53616,72.82089,308.8,1.1,1.05,2026-01-18,431,Terra,MODIS,63,6.1NRT,294.98,7.49,D
35989,21.92886,70.21038,307.74,1.01,1.01,2026-01-18,431,Terra,MODIS,62,6.1NRT,296.14,5.15,D
35990,22.87942,70.73076,306.97,1.0,1.0,2026-01-18,431,Terra,MODIS,59,6.1NRT,295.5,4.53,D
35991,23.02769,69.93239,316.33,1.04,1.02,2026-01-18,431,Terra,MODIS,75,6.1NRT,295.44,11.42,D
35992,23.02863,78.98659,303.51,2.63,1.56,2026-01-18,431,Terra,MODIS,53,6.1NRT,292.62,17.69,D
35993,23.12265,78.83704,304.07,2.55,1.54,2026-01-18,431,Terra,MODIS,58,6.1NRT,292.56,19.17,D
35994,23.4141,68.60146,314.26,1.17,1.08,2026-01-18,431,Terra,MODIS,72,6.1NRT,294.11,13.02,D
35995,23.6909,75.53363,303.01,1.45,1.19,2026-01-18,431,Terra,MODIS,54,6.1NRT,291.25,8.4,D
35996,24.77395,69.17068,301.97,1.14,1.06,2026-01-18,431,Terra,MODIS,50,6.1NRT,289.98,5.23,D
35997,24.84631,68.15811,301.41,1.28,1.12,2026-01-18,431,Terra,MODIS,47,6.1NRT,290.23,5.58,D
35998,24.91288,68.19907,301.21,1.28,1.12,2026-01-18,431,Terra,MODIS,45,6.1NRT,289.85,4.82,D
35999,25.20176,68.68159,305.1,1.21,1.09,2026-01-18,431,Terra,MODIS,61,6.1NRT,289.15,8.69,D
36000,25.27966,68.60864,305.06,1.22,1.1,2026-01-18,431,Terra,MODIS,60,6.1NRT,288.66,8.98,D
36001,25.28187,68.615,302.67,1.22,1.1,2026-01-18,431,Terra,MODIS,53,6.1NRT,288.61,6.92,D
36002,25.66972,69.00516,301.74,1.18,1.08,2026-01-18,431,Terra,MODIS,49,6.1NRT,288.41,6.24,D
36003,27.63537,69.59993,304.86,1.16,1.07,2026-01-18,431,Terra,MODIS,60,6.1NRT,287.33,7.88,D
36004,27.63955,69.60733,326.34,1.16,1.07,2026-01-18,431,Terra,MODIS,84,6.1NRT,287.6,30.09,D
36005,27.64095,69.59585,336.1,1.16,1.07,2026-01-18,431,Terra,MODIS,90,6.1NRT,288.06,46.19,D
36006,27.85943,69.27638,300.3,1.21,1.09,2026-01-18,431,Terra,MODIS,33,6.1NRT,286.33,6.02,D
36007,27.86336,69.27132,307.03,1.21,1.09,2026-01-18,431,Terra,MODIS,65,6.1NRT,286.6,11.18,D
36008,27.92032,69.20612,312.94,1.22,1.1,2026-01-18,431,Terra,MODIS,73,6.1NRT,286.47,16.69,D
36009,27.92854,69.21965,301.77,1.22,1.1,2026-01-18,431,Terra,MODIS,35,6.1NRT,286.51,6.58,D
36010,27.93,69.20754,304.57,1.22,1.1,2026-01-18,431,Terra,MODIS,59,6.1NRT,286.64,8.95,D
36011,17.63457,75.21499,312.87,1.77,1.3,2026-01-18,433,Terra,MODIS,58,6.1NRT,297.75,18.15,D
36012,17.74142,75.7497,320.17,1.93,1.36,2026-01-18,433,Terra,MODIS,76,6.1NRT,298.0,34.41,D
36013,17.74714,75.75655,315.9,1.93,1.36,2026-01-18,433,Terra,MODIS,71,6.1NRT,297.68,24.2,D
36014,17.75024,75.73895,308.89,1.93,1.36,2026-01-18,433,Terra,MODIS,34,6.1NRT,297.74,10.22,D
36015,18.20123,74.7406,307.58,1.6,1.24,2026-01-18,433,Terra,MODIS,54,6.1NRT,296.83,7.38,D
36016,18.31117,74.57432,308.16,1.55,1.23,2026-01-18,433,Terra,MODIS,57,6.1NRT,297.02,7.23,D
36017,18.36553,75.26761,307.89,1.73,1.29,2026-01-18,433,Terra,MODIS,55,6.1NRT,296.38,9.85,D
36018,18.38141,75.37509,306.6,1.76,1.3,2026-01-18,433,Terra,MODIS,46,6.1NRT,296.0,8.59,D
36019,18.60698,75.41242,306.8,1.76,1.3,2026-01-18,433,Terra,MODIS,48,6.1NRT,296.55,8.43,D
36020,18.645,74.56744,305.42,1.53,1.22,2026-01-18,433,Terra,MODIS,42,6.1NRT,295.38,6.59,D
36021,18.66547,74.64325,306.19,1.54,1.22,2026-01-18,433,Terra,MODIS,48,6.1NRT,295.22,7.29,D
36022,18.67121,74.63548,310.69,1.54,1.22,2026-01-18,433,Terra,MODIS,64,6.1NRT,295.45,12.58,D
36023,18.77432,74.61079,309.85,1.53,1.22,2026-01-18,433,Terra,MODIS,31,6.1NRT,296.54,10.03,D
36024,18.77786,74.61771,311.12,1.53,1.22,2026-01-18,433,Terra,MODIS,56,6.1NRT,296.43,12.88,D
36025,18.78023,74.60378,311.97,1.53,1.22,2026-01-18,433,Terra,MODIS,63,6.1NRT,296.04,14.11,D
36026,18.87766,75.05098,308.41,1.63,1.26,2026-01-18,433,Terra,MODIS,59,6.1NRT,295.95,10.47,D
36027,18.93018,74.32809,306.31,1.45,1.19,2026-01-18,433,Terra,MODIS,51,6.1NRT,295.65,6.34,D
36028,19.05587,74.45258,308.9,1.47,1.2,2026-01-18,433,Terra,MODIS,60,6.1NRT,296.87,8.71,D
36029,19.16407,76.0827,306.99,1.92,1.35,2026-01-18,433,Terra,MODIS,0,6.1NRT,296.49,10.23,D
36030,19.3261,76.39236,307.91,2.01,1.38,2026-01-18,433,Terra,MODIS,59,6.1NRT,297.53,12.29,D
36031,19.36202,75.86704,308.11,1.83,1.33,2026-01-18,433,Terra,MODIS,59,6.1NRT,295.68,12.6,D
36032,19.43494,74.82593,310.76,1.54,1.22,2026-01-18,433,Terra,MODIS,65,6.1NRT,294.9,14.38,D
36033,19.44776,75.56792,307.95,1.74,1.29,2026-01-18,433,Terra,MODIS,59,6.1NRT,295.37,10.41,D
36034,19.47206,74.60355,304.93,1.48,1.2,2026-01-18,433,Terra,MODIS,44,6.1NRT,294.7,6.02,D
36035,19.53941,74.26006,311.11,1.4,1.17,2026-01-18,433,Terra,MODIS,66,6.1NRT,293.65,13.69,D
36036,19.59179,77.82946,307.07,2.55,1.54,2026-01-18,433,Terra,MODIS,57,6.1NRT,295.94,18.32,D
36037,19.59699,77.82524,313.76,2.55,1.54,2026-01-18,433,Terra,MODIS,71,6.1NRT,296.26,37.25,D
36038,19.60516,77.83209,308.25,2.55,1.54,2026-01-18,433,Terra,MODIS,61,6.1NRT,296.03,21.54,D
36039,19.68435,74.99422,308.13,1.57,1.23,2026-01-18,433,Terra,MODIS,60,6.1NRT,294.63,10.12,D
36040,20.31836,74.71849,309.59,1.46,1.19,2026-01-18,433,Terra,MODIS,29,6.1NRT,296.64,8.41,D
36041,20.33419,74.72746,313.59,1.46,1.19,2026-01-18,433,Terra,MODIS,59,6.1NRT,297.22,13.04,D
36042,20.43099,74.76625,310.91,1.46,1.2,2026-01-18,433,Terra,MODIS,63,6.1NRT,297.08,10.5,D
36043,35.0234,136.87357,313.47,1.01,1.01,2026-01-18,540,Aqua,MODIS,0,6.1NRT,290.47,11.95,D
36044,35.35418,139.8709,304.96,1.3,1.13,2026-01-18,540,Aqua,MODIS,0,6.1NRT,288.25,10.17,D
36045,36.27978,139.75642,308.5,1.32,1.14,2026-01-18,540,Aqua,MODIS,67,6.1NRT,284.94,13.89,D
36046,12.01101,106.57735,310.55,4.75,1.99,2026-01-18,711,Aqua,MODIS,63,6.1NRT,292.46,46.52,D
36047,12.35177,107.15642,309.99,4.22,1.9,2026-01-18,711,Aqua,MODIS,52,6.1NRT,293.64,44.35,D
36048,12.70289,106.34795,309.91,4.79,2.0,2026-01-18,713,Aqua,MODIS,40,6.1NRT,292.74,48.13,D
36049,13.02546,106.60666,318.94,4.5,1.95,2026-01-18,713,Aqua,MODIS,75,6.1NRT,299.08,99.33,D
36050,13.02928,106.59813,317.44,4.5,1.95,2026-01-18,713,Aqua,MODIS,73,6.1NRT,299.3,86.43,D
36051,15.32543,108.61509,306.16,2.8,1.6,2026-01-18,713,Aqua,MODIS,55,6.1NRT,292.89,23.88,D
36052,19.33911,108.97454,307.99,2.16,1.43,2026-01-18,713,Aqua,MODIS,56,6.1NRT,294.34,11.48,D
36053,21.56435,110.81588,311.33,1.44,1.19,2026-01-18,716,Aqua,MODIS,65,6.1NRT,296.04,11.36,D
36054,21.57463,110.8138,308.32,1.44,1.19,2026-01-18,716,Aqua,MODIS,49,6.1NRT,295.46,7.58,D
36055,21.8306,108.67569,310.2,2.02,1.38,2026-01-18,716,Aqua,MODIS,38,6.1NRT,293.59,18.75,D
36056,23.28037,114.72099,309.87,1.0,1.0,2026-01-18,716,Aqua,MODIS,64,6.1NRT,296.7,6.8,D
36057,23.587,112.77859,308.82,1.07,1.03,2026-01-18,716,Aqua,MODIS,63,6.1NRT,295.3,6.75,D
36058,23.58858,112.78866,350.14,1.07,1.03,2026-01-18,716,Aqua,MODIS,96,6.1NRT,297.1,66.17,D
36059,23.94631,111.72783,308.47,1.17,1.08,2026-01-18,716,Aqua,MODIS,65,6.1NRT,295.65,6.05,D
36060,24.14278,115.79244,311.64,1.05,1.02,2026-01-18,716,Aqua,MODIS,69,6.1NRT,296.55,7.77,D
36061,24.25926,111.4931,302.07,1.19,1.09,2026-01-18,716,Aqua,MODIS,32,6.1NRT,290.29,4.63,D
36062,24.38504,113.81247,308.22,1.0,1.0,2026-01-18,716,Aqua,MODIS,64,6.1NRT,296.28,4.79,D
36063,24.42165,114.11903,306.56,1.0,1.0,2026-01-18,716,Aqua,MODIS,51,6.1NRT,295.59,3.76,D
36064,24.42305,114.12853,311.04,1.0,1.0,2026-01-18,716,Aqua,MODIS,69,6.1NRT,296.31,6.7,D
36065,24.53167,113.55665,306.49,1.01,1.01,2026-01-18,716,Aqua,MODIS,62,6.1NRT,295.45,4.03,D
36066,24.61744,113.5154,313.57,1.01,1.01,2026-01-18,716,Aqua,MODIS,69,6.1NRT,295.45,10.43,D
36067,25.32977,118.83482,304.94,1.57,1.24,2026-01-18,716,Aqua,MODIS,59,6.1NRT,293.0,8.17,D
36068,22.87677,103.92117,303.91,4.31,1.92,2026-01-18,718,Aqua,MODIS,48,6.1NRT,293.68,41.35,D
36069,24.65235,112.48167,304.81,1.07,1.03,2026-01-18,718,Aqua,MODIS,52,6.1NRT,293.49,4.86,D
36070,24.78839,111.99872,317.74,1.11,1.05,2026-01-18,718,Aqua,MODIS,78,6.1NRT,292.93,17.63,D
36071,24.79016,112.00953,304.13,1.11,1.05,2026-01-18,718,Aqua,MODIS,55,6.1NRT,290.26,5.77,D
36072,24.91883,113.60928,312.97,1.01,1.0,2026-01-18,718,Aqua,MODIS,72,6.1NRT,295.21,9.21,D
36073,24.92027,113.61891,322.21,1.01,1.0,2026-01-18,718,Aqua,MODIS,81,6.1NRT,295.15,17.74,D
36074,24.92434,113.76594,310.12,1.0,1.0,2026-01-18,718,Aqua,MODIS,68,6.1NRT,296.63,7.23,D
36075,25.19602,106.82144,300.13,2.33,1.48,2026-01-18,718,Aqua,MODIS,16,6.1NRT,288.5,7.59,D
36076,25.45207,112.37601,304.75,1.06,1.03,2026-01-18,718,Aqua,MODIS,60,6.1NRT,294.45,4.34,D
36077,25.47902,111.56653,308.84,1.14,1.06,2026-01-18,718,Aqua,MODIS,67,6.1NRT,294.54,7.53,D
36078,25.52417,110.25405,300.53,1.33,1.14,2026-01-18,718,Aqua,MODIS,21,6.1NRT,287.76,3.66,D
36079,25.5512,111.44482,305.43,1.15,1.07,2026-01-18,718,Aqua,MODIS,60,6.1NRT,293.96,5.82,D
36080,25.65541,116.20521,301.99,1.12,1.06,2026-01-18,718,Aqua,MODIS,24,6.1NRT,291.79,2.83,D
36081,25.8081,115.01717,310.2,1.03,1.01,2026-01-18,718,Aqua,MODIS,68,6.1NRT,294.08,8.49,D
36082,25.83143,119.20883,328.21,1.7,1.28,2026-01-18,718,Aqua,MODIS,85,6.1NRT,290.63,57.41,D
36083,26.53626,118.77209,326.99,1.62,1.25,2026-01-18,718,Aqua,MODIS,85,6.1NRT,294.56,46.4,D
36084,26.5372,118.76633,320.38,1.62,1.25,2026-01-18,718,Aqua,MODIS,80,6.1NRT,294.06,33.61,D
36085,26.53884,118.78136,310.84,1.62,1.25,2026-01-18,718,Aqua,MODIS,71,6.1NRT,293.16,17.33,D
36086,26.54379,116.09991,309.44,1.13,1.06,2026-01-18,718,Aqua,MODIS,68,6.1NRT,297.25,6.74,D
36087,26.65212,119.29897,304.37,1.77,1.3,2026-01-18,718,Aqua,MODIS,59,6.1NRT,290.34,12.83,D
36088,26.72198,115.08654,307.44,1.05,1.02,2026-01-18,718,Aqua,MODIS,64,6.1NRT,294.98,6.33,D
36089,26.78462,112.89433,302.5,1.01,1.01,2026-01-18,718,Aqua,MODIS,52,6.1NRT,289.67,4.68,D
36090,26.81623,113.60641,308.64,1.0,1.0,2026-01-18,718,Aqua,MODIS,67,6.1NRT,294.89,6.04,D
36091,27.02746,104.90885,304.32,2.91,1.63,2026-01-18,718,Aqua,MODIS,59,6.1NRT,290.93,28.08,D
36092,27.15042,105.55631,304.26,2.6,1.55,2026-01-18,718,Aqua,MODIS,58,6.1NRT,292.58,20.52,D
36093,27.19917,105.38544,306.05,2.66,1.57,2026-01-18,718,Aqua,MODIS,63,6.1NRT,294.05,20.12,D
36094,27.20616,105.37969,304.69,2.66,1.57,2026-01-18,718,Aqua,MODIS,60,6.1NRT,293.55,18.48,D
36095,27.38451,105.37919,306.45,2.64,1.56,2026-01-18,718,Aqua,MODIS,64,6.1NRT,291.06,25.67,D
36096,27.39162,105.37273,304.62,2.64,1.56,2026-01-18,718,Aqua,MODIS,59,6.1NRT,290.73,22.72,D
36097,27.68526,115.97105,303.63,1.15,1.07,2026-01-18,718,Aqua,MODIS,57,6.1NRT,292.7,5.65,D
36098,27.6867,115.98235,313.26,1.15,1.07,2026-01-18,718,Aqua,MODIS,73,6.1NRT,292.77,13.78,D
36099,27.76873,106.90857,300.23,2.01,1.38,2026-01-18,718,Aqua,MODIS,21,6.1NRT,286.81,6.96,D
36100,27.97403,116.26452,305.97,1.2,1.09,2026-01-18,718,Aqua,MODIS,0,6.1NRT,293.97,6.05,D
36101,28.33416,116.92938,312.43,1.31,1.14,2026-01-18,718,Aqua,MODIS,61,6.1NRT,293.89,12.08,D
36102,28.33508,116.93699,316.03,1.31,1.14,2026-01-18,718,Aqua,MODIS,76,6.1NRT,293.54,16.63,D
36103,28.33576,116.94236,310.71,1.31,1.14,2026-01-18,718,Aqua,MODIS,51,6.1NRT,293.25,10.39,D
36104,28.61586,116.63968,306.72,1.27,1.12,2026-01-18,718,Aqua,MODIS,60,6.1NRT,292.24,8.56,D
36105,29.28955,116.5686,303.51,1.29,1.13,2026-01-18,718,Aqua,MODIS,55,6.1NRT,292.56,5.23,D
36106,29.30375,116.68486,302.97,1.31,1.13,2026-01-18,718,Aqua,MODIS,0,6.1NRT,292.17,4.9,D
36107,29.35878,116.7092,304.58,1.31,1.14,2026-01-18,718,Aqua,MODIS,59,6.1NRT,292.11,7.15,D
36108,29.36924,116.62803,306.76,1.3,1.13,2026-01-18,718,Aqua,MODIS,53,6.1NRT,292.16,8.63,D
36109,29.39693,116.6899,302.03,1.31,1.14,2026-01-18,718,Aqua,MODIS,50,6.1NRT,291.76,5.38,D
36110,29.49378,117.50626,303.88,1.47,1.2,2026-01-18,718,Aqua,MODIS,28,6.1NRT,292.59,6.91,D
36111,29.49546,117.52078,308.9,1.47,1.2,2026-01-18,718,Aqua,MODIS,68,6.1NRT,292.36,12.64,D
36112,29.50027,117.51454,313.14,1.47,1.2,2026-01-18,718,Aqua,MODIS,73,6.1NRT,292.84,17.39,D
36113,30.10716,115.24806,300.57,1.13,1.06,2026-01-18,718,Aqua,MODIS,39,6.1NRT,290.02,4.36,D
36114,40.51682,110.44604,301.01,1.01,1.0,2026-01-18,720,Aqua,MODIS,44,6.1NRT,270.52,8.58,D
36115,40.56724,111.42899,300.25,1.05,1.02,2026-01-18,720,Aqua,MODIS,33,6.1NRT,267.14,9.15,D
36116,40.61772,111.04423,322.4,1.03,1.01,2026-01-18,720,Aqua,MODIS,82,6.1NRT,270.2,24.7,D
36117,40.61932,111.05597,323.4,1.03,1.01,2026-01-18,720,Aqua,MODIS,82,6.1NRT,269.25,25.68,D
36118,40.63929,111.13625,303.43,1.03,1.02,2026-01-18,720,Aqua,MODIS,52,6.1NRT,267.6,10.17,D
36119,40.67776,111.14594,346.22,1.04,1.02,2026-01-18,720,Aqua,MODIS,71,6.1NRT,271.46,60.5,D
36120,40.68659,111.14386,302.19,1.04,1.02,2026-01-18,720,Aqua,MODIS,40,6.1NRT,268.25,9.11,D
36121,40.68817,111.15568,304.25,1.04,1.02,2026-01-18,720,Aqua,MODIS,44,6.1NRT,267.72,10.36,D
36122,16.42369,96.25835,317.09,1.63,1.26,2026-01-18,852,Aqua,MODIS,69,6.1NRT,303.18,12.91,D
36123,16.56237,97.80257,323.18,2.15,1.43,2026-01-18,852,Aqua,MODIS,65,6.1NRT,301.23,37.32,D
36124,16.57812,97.94606,333.14,2.21,1.44,2026-01-18,852,Aqua,MODIS,54,6.1NRT,299.33,80.81,D
36125,16.57821,97.94082,327.34,2.21,1.44,2026-01-18,852,Aqua,MODIS,42,6.1NRT,298.91,57.16,D
36126,16.99613,95.9588,312.02,1.58,1.24,2026-01-18,852,Aqua,MODIS,55,6.1NRT,301.58,9.72,D
36127,17.31172,94.98621,317.12,1.37,1.16,2026-01-18,852,Aqua,MODIS,67,6.1NRT,301.88,12.26,D
36128,17.6019,96.69741,316.87,1.83,1.33,2026-01-18,852,Aqua,MODIS,29,6.1NRT,303.3,14.96,D
36129,17.61285,96.70608,315.79,1.84,1.33,2026-01-18,852,Aqua,MODIS,28,6.1NRT,302.95,15.99,D
36130,17.68236,95.0116,311.16,1.39,1.17,2026-01-18,852,Aqua,MODIS,32,6.1NRT,300.61,6.32,D
36131,17.68338,80.47448,309.76,4.64,1.97,2026-01-18,852,Aqua,MODIS,55,6.1NRT,299.53,39.24,D
36132,18.08803,95.53331,314.75,1.53,1.22,2026-01-18,852,Aqua,MODIS,68,6.1NRT,302.31,11.35,D
36133,18.41241,95.36478,316.97,1.51,1.21,2026-01-18,852,Aqua,MODIS,71,6.1NRT,304.19,12.54,D
36134,18.42677,95.2239,323.1,1.47,1.2,2026-01-18,852,Aqua,MODIS,39,6.1NRT,306.24,15.31,D
36135,18.43324,95.23108,324.74,1.48,1.2,2026-01-18,852,Aqua,MODIS,80,6.1NRT,307.38,19.9,D
36136,18.46057,95.0239,314.34,1.43,1.18,2026-01-18,852,Aqua,MODIS,67,6.1NRT,303.22,10.2,D
36137,18.46935,95.35122,317.29,1.51,1.21,2026-01-18,852,Aqua,MODIS,72,6.1NRT,305.65,13.28,D
36138,18.47646,95.70244,316.72,1.6,1.24,2026-01-18,852,Aqua,MODIS,71,6.1NRT,302.16,14.22,D
36139,18.66646,95.2002,318.5,1.48,1.2,2026-01-18,852,Aqua,MODIS,73,6.1NRT,304.2,14.73,D
36140,18.70484,95.3346,315.73,1.51,1.21,2026-01-18,852,Aqua,MODIS,69,6.1NRT,305.28,11.52,D
36141,19.63462,95.20902,314.57,1.53,1.22,2026-01-18,852,Aqua,MODIS,63,6.1NRT,303.96,8.48,D
36142,19.6363,95.22306,323.82,1.54,1.22,2026-01-18,852,Aqua,MODIS,79,6.1NRT,304.61,24.7,D
36143,19.7675,95.57584,321.07,1.63,1.26,2026-01-18,852,Aqua,MODIS,76,6.1NRT,304.82,19.68,D
36144,19.7682,95.57003,316.89,1.63,1.26,2026-01-18,852,Aqua,MODIS,71,6.1NRT,304.37,12.7,D
36145,19.84966,95.47639,316.7,1.61,1.25,2026-01-18,852,Aqua,MODIS,71,6.1NRT,304.96,11.02,D
36146,19.95706,97.25253,312.13,2.2,1.44,2026-01-18,852,Aqua,MODIS,40,6.1NRT,299.19,17.39,D
36147,19.96927,97.25627,318.15,2.2,1.44,2026-01-18,852,Aqua,MODIS,70,6.1NRT,299.62,32.27,D
36148,19.96964,97.25089,317.31,2.2,1.44,2026-01-18,852,Aqua,MODIS,72,6.1NRT,299.64,31.1,D
36149,19.99633,96.92616,310.71,2.08,1.4,2026-01-18,852,Aqua,MODIS,56,6.1NRT,298.9,15.25,D
36150,20.00285,96.93823,309.86,2.09,1.41,2026-01-18,852,Aqua,MODIS,32,6.1NRT,298.68,12.22,D
36151,20.01886,97.34943,310.58,2.24,1.45,2026-01-18,852,Aqua,MODIS,57,6.1NRT,297.91,15.72,D
36152,20.12593,96.89679,311.89,2.08,1.4,2026-01-18,852,Aqua,MODIS,47,6.1NRT,300.05,18.38,D
36153,20.07207,86.24447,314.2,1.51,1.21,2026-01-18,854,Aqua,MODIS,58,6.1NRT,301.91,12.62,D
36154,20.27345,93.24368,327.42,1.18,1.08,2026-01-18,854,Aqua,MODIS,82,6.1NRT,303.04,23.95,D
36155,20.28291,93.24228,315.5,1.18,1.08,2026-01-18,854,Aqua,MODIS,65,6.1NRT,302.47,9.3,D
36156,20.35148,94.54774,312.67,1.41,1.18,2026-01-18,854,Aqua,MODIS,60,6.1NRT,302.39,7.68,D
36157,20.51917,85.68764,312.66,1.62,1.25,2026-01-18,854,Aqua,MODIS,60,6.1NRT,301.78,11.53,D
36158,20.52419,95.38676,324.44,1.62,1.25,2026-01-18,854,Aqua,MODIS,79,6.1NRT,302.49,29.72,D
36159,20.53671,86.40988,313.45,1.45,1.19,2026-01-18,854,Aqua,MODIS,65,6.1NRT,302.13,10.76,D
36160,20.60643,94.6423,314.11,1.45,1.19,2026-01-18,854,Aqua,MODIS,58,6.1NRT,302.13,8.88,D
36161,20.87666,92.45518,308.27,1.1,1.05,2026-01-18,854,Aqua,MODIS,60,6.1NRT,296.89,5.71,D
36162,20.92564,85.50319,312.53,1.65,1.26,2026-01-18,854,Aqua,MODIS,62,6.1NRT,302.1,12.77,D
36163,20.95947,85.16764,315.71,1.74,1.29,2026-01-18,854,Aqua,MODIS,69,6.1NRT,304.59,17.83,D
36164,20.96991,96.74997,310.74,2.09,1.41,2026-01-18,854,Aqua,MODIS,59,6.1NRT,299.08,16.26,D
36165,20.97203,96.76885,307.96,2.09,1.41,2026-01-18,854,Aqua,MODIS,36,6.1NRT,297.64,12.02,D
36166,20.97686,84.10343,312.98,2.08,1.4,2026-01-18,854,Aqua,MODIS,65,6.1NRT,301.75,18.78,D
36167,20.98,84.09767,315.22,2.08,1.4,2026-01-18,854,Aqua,MODIS,69,6.1NRT,301.7,24.76,D
36168,21.00465,86.14139,317.53,1.48,1.2,2026-01-18,854,Aqua,MODIS,71,6.1NRT,302.82,16.4,D
36169,21.0073,95.39829,316.8,1.65,1.26,2026-01-18,854,Aqua,MODIS,71,6.1NRT,303.15,13.74,D
36170,21.07657,86.61657,314.85,1.37,1.16,2026-01-18,854,Aqua,MODIS,67,6.1NRT,302.45,13.1,D
36171,21.19824,86.0622,316.66,1.49,1.2,2026-01-18,854,Aqua,MODIS,71,6.1NRT,303.02,15.32,D
36172,21.20603,86.39819,313.77,1.41,1.18,2026-01-18,854,Aqua,MODIS,65,6.1NRT,302.23,10.73,D
36173,21.21167,86.32387,312.93,1.43,1.18,2026-01-18,854,Aqua,MODIS,64,6.1NRT,301.57,9.98,D
36174,21.25427,86.56952,311.5,1.37,1.16,2026-01-18,854,Aqua,MODIS,61,6.1NRT,301.43,8.37,D
36175,21.26321,95.83604,317.06,1.8,1.31,2026-01-18,854,Aqua,MODIS,72,6.1NRT,302.68,16.66,D
36176,21.26403,96.94006,308.28,2.18,1.43,2026-01-18,854,Aqua,MODIS,40,6.1NRT,297.4,13.93,D
36177,21.276,98.15137,308.06,2.7,1.57,2026-01-18,854,Aqua,MODIS,50,6.1NRT,296.66,20.12,D
36178,21.34187,85.35601,315.46,1.65,1.26,2026-01-18,854,Aqua,MODIS,70,6.1NRT,300.7,18.75,D
36179,21.35004,83.05785,320.06,2.45,1.51,2026-01-18,854,Aqua,MODIS,75,6.1NRT,303.98,41.2,D
36180,21.35327,83.06186,314.74,2.45,1.51,2026-01-18,854,Aqua,MODIS,26,6.1NRT,303.75,20.0,D
36181,21.36331,92.23845,310.94,1.09,1.04,2026-01-18,854,Aqua,MODIS,67,6.1NRT,299.07,6.93,D
36182,21.36467,92.2486,314.29,1.09,1.04,2026-01-18,854,Aqua,MODIS,72,6.1NRT,298.27,10.07,D
36183,21.42539,85.82665,313.64,1.53,1.22,2026-01-18,854,Aqua,MODIS,67,6.1NRT,302.93,11.83,D
36184,21.44828,95.0784,322.78,1.59,1.24,2026-01-18,854,Aqua,MODIS,78,6.1NRT,303.56,21.39,D
36185,21.4515,95.07104,320.64,1.59,1.24,2026-01-18,854,Aqua,MODIS,76,6.1NRT,303.6,18.56,D
36186,21.6009,82.91164,319.08,2.48,1.52,2026-01-18,854,Aqua,MODIS,74,6.1NRT,302.53,38.55,D
36187,21.60399,82.91792,318.26,2.48,1.52,2026-01-18,854,Aqua,MODIS,73,6.1NRT,302.34,33.25,D
36188,21.62497,82.35467,315.1,2.73,1.58,2026-01-18,854,Aqua,MODIS,67,6.1NRT,302.95,30.83,D
36189,21.63011,82.73177,319.77,2.55,1.54,2026-01-18,854,Aqua,MODIS,75,6.1NRT,303.32,37.73,D
36190,21.63506,82.73537,318.76,2.55,1.54,2026-01-18,854,Aqua,MODIS,73,6.1NRT,302.98,36.84,D
36191,21.69668,82.17227,316.78,2.8,1.6,2026-01-18,854,Aqua,MODIS,70,6.1NRT,301.83,38.33,D
36192,21.70163,82.16658,315.96,2.8,1.6,2026-01-18,854,Aqua,MODIS,67,6.1NRT,302.07,32.65,D
36193,21.73582,84.90231,324.13,1.75,1.3,2026-01-18,854,Aqua,MODIS,60,6.1NRT,303.36,37.1,D
36194,21.74901,82.70432,315.28,2.55,1.54,2026-01-18,854,Aqua,MODIS,25,6.1NRT,302.83,23.12,D
36195,21.75795,82.69538,318.99,2.55,1.54,2026-01-18,854,Aqua,MODIS,69,6.1NRT,303.52,38.75,D
36196,21.77775,84.48799,317.78,1.87,1.34,2026-01-18,854,Aqua,MODIS,72,6.1NRT,302.2,27.51,D
36197,21.81624,84.15359,315.91,1.98,1.37,2026-01-18,854,Aqua,MODIS,69,6.1NRT,303.14,22.86,D
36198,21.82233,84.15919,313.15,1.98,1.37,2026-01-18,854,Aqua,MODIS,64,6.1NRT,302.55,17.26,D
36199,21.91316,83.91494,310.87,2.05,1.39,2026-01-18,854,Aqua,MODIS,58,6.1NRT,299.78,14.39,D
36200,21.99106,82.67421,312.42,2.53,1.53,2026-01-18,854,Aqua,MODIS,52,6.1NRT,302.22,17.35,D
36201,21.99574,82.69744,327.71,2.52,1.53,2026-01-18,854,Aqua,MODIS,78,6.1NRT,301.27,75.68,D
36202,22.00012,82.70097,338.46,2.52,1.53,2026-01-18,854,Aqua,MODIS,78,6.1NRT,301.6,132.69,D
36203,22.00424,82.67122,313.75,2.53,1.53,2026-01-18,854,Aqua,MODIS,66,6.1NRT,302.93,22.14,D
36204,22.00889,82.69445,329.63,2.52,1.53,2026-01-18,854,Aqua,MODIS,84,6.1NRT,302.38,85.19,D
36205,22.04005,83.73608,311.99,2.1,1.41,2026-01-18,854,Aqua,MODIS,58,6.1NRT,301.76,17.02,D
36206,22.07758,97.48825,311.23,2.47,1.51,2026-01-18,854,Aqua,MODIS,60,6.1NRT,299.89,21.53,D
36207,22.08804,82.74846,312.85,2.49,1.52,2026-01-18,854,Aqua,MODIS,64,6.1NRT,301.76,21.61,D
36208,22.1224,96.9158,308.99,2.23,1.45,2026-01-18,854,Aqua,MODIS,57,6.1NRT,296.05,16.41,D
36209,22.12259,96.9213,306.98,2.23,1.45,2026-01-18,854,Aqua,MODIS,25,6.1NRT,296.48,10.78,D
36210,22.18903,85.88163,314.43,1.47,1.2,2026-01-18,854,Aqua,MODIS,69,6.1NRT,302.14,12.7,D
36211,22.19141,85.89527,315.72,1.46,1.2,2026-01-18,854,Aqua,MODIS,71,6.1NRT,301.63,14.58,D
36212,22.24674,86.88284,311.56,1.27,1.12,2026-01-18,854,Aqua,MODIS,56,6.1NRT,300.74,8.61,D
36213,22.26073,96.52473,308.43,2.09,1.41,2026-01-18,854,Aqua,MODIS,41,6.1NRT,297.24,14.15,D
36214,22.2653,96.53967,309.04,2.1,1.41,2026-01-18,854,Aqua,MODIS,57,6.1NRT,297.5,15.12,D
36215,22.298,97.46999,308.3,2.48,1.52,2026-01-18,854,Aqua,MODIS,56,6.1NRT,297.42,18.33,D
36216,22.30934,95.66451,314.42,1.81,1.32,2026-01-18,854,Aqua,MODIS,69,6.1NRT,301.04,14.17,D
36217,22.32083,92.22669,312.46,1.11,1.05,2026-01-18,854,Aqua,MODIS,69,6.1NRT,297.67,8.95,D
36218,22.36521,87.29887,312.92,1.2,1.09,2026-01-18,854,Aqua,MODIS,44,6.1NRT,300.84,8.56,D
36219,22.377,87.27837,312.01,1.2,1.09,2026-01-18,854,Aqua,MODIS,61,6.1NRT,301.66,8.4,D
36220,22.41541,95.69707,311.74,1.82,1.32,2026-01-18,854,Aqua,MODIS,45,6.1NRT,299.78,9.81,D
36221,22.43456,95.6599,315.45,1.81,1.32,2026-01-18,854,Aqua,MODIS,46,6.1NRT,300.15,13.34,D
36222,22.43499,95.76451,313.41,1.85,1.33,2026-01-18,854,Aqua,MODIS,63,6.1NRT,300.0,13.66,D
36223,22.47862,95.64708,312.83,1.81,1.32,2026-01-18,854,Aqua,MODIS,50,6.1NRT,300.28,10.34,D
36224,22.51127,95.62556,313.23,1.81,1.32,2026-01-18,854,Aqua,MODIS,68,6.1NRT,300.35,13.09,D
36225,22.54433,95.32916,313.02,1.72,1.29,2026-01-18,854,Aqua,MODIS,68,6.1NRT,301.08,10.48,D
36226,22.59529,95.26637,317.69,1.71,1.28,2026-01-18,854,Aqua,MODIS,75,6.1NRT,301.52,18.49,D
36227,22.6321,97.57748,334.8,2.55,1.54,2026-01-18,854,Aqua,MODIS,88,6.1NRT,298.58,119.71,D
36228,22.63604,97.58489,318.61,2.55,1.54,2026-01-18,854,Aqua,MODIS,56,6.1NRT,298.8,45.72,D
36229,22.64601,95.61263,314.72,1.81,1.32,2026-01-18,854,Aqua,MODIS,55,6.1NRT,300.67,14.27,D
36230,22.74232,95.55981,312.7,1.8,1.32,2026-01-18,854,Aqua,MODIS,60,6.1NRT,300.17,10.56,D
36231,22.96017,95.35839,313.65,1.76,1.3,2026-01-18,854,Aqua,MODIS,70,6.1NRT,299.46,13.8,D
36232,23.11514,87.28784,308.99,1.17,1.08,2026-01-18,854,Aqua,MODIS,59,6.1NRT,298.92,6.06,D
36233,23.17061,95.71775,312.33,1.88,1.34,2026-01-18,854,Aqua,MODIS,69,6.1NRT,298.22,15.4,D
36234,23.17418,95.72421,313.01,1.88,1.34,2026-01-18,854,Aqua,MODIS,70,6.1NRT,298.72,15.93,D
36235,23.41042,87.7429,309.59,1.11,1.05,2026-01-18,854,Aqua,MODIS,61,6.1NRT,298.89,6.08,D
36236,23.58857,89.672,307.65,1.0,1.0,2026-01-18,854,Aqua,MODIS,56,6.1NRT,297.49,4.07,D
36237,23.69678,87.16502,313.22,1.17,1.08,2026-01-18,854,Aqua,MODIS,68,6.1NRT,298.76,10.2,D
36238,23.77249,86.38783,316.39,1.28,1.12,2026-01-18,854,Aqua,MODIS,47,6.1NRT,303.86,12.33,D
36239,23.91193,89.29762,318.29,1.0,1.0,2026-01-18,854,Aqua,MODIS,57,6.1NRT,299.69,13.11,D
36240,24.57036,93.94541,307.27,1.48,1.2,2026-01-18,854,Aqua,MODIS,37,6.1NRT,294.58,8.32,D
36241,24.57203,93.95952,320.53,1.48,1.2,2026-01-18,854,Aqua,MODIS,79,6.1NRT,295.64,27.02,D
36242,24.58253,93.95805,315.95,1.48,1.2,2026-01-18,854,Aqua,MODIS,75,6.1NRT,294.82,19.13,D
36243,25.37505,91.63531,304.42,1.12,1.06,2026-01-18,854,Aqua,MODIS,55,6.1NRT,289.6,6.98,D
36244,25.66087,92.66996,305.01,1.28,1.12,2026-01-18,854,Aqua,MODIS,60,6.1NRT,291.06,7.52,D
36245,25.66236,92.6822,302.28,1.28,1.12,2026-01-18,854,Aqua,MODIS,50,6.1NRT,290.87,5.27,D
36246,25.95522,98.60668,307.78,3.39,1.74,2026-01-18,854,Aqua,MODIS,66,6.1NRT,289.75,53.6,D
36247,26.57974,84.48497,311.7,1.5,1.21,2026-01-18,854,Aqua,MODIS,70,6.1NRT,296.02,15.15,D
36248,26.58235,84.49935,308.38,1.5,1.21,2026-01-18,854,Aqua,MODIS,65,6.1NRT,295.76,10.87,D
36249,26.59314,93.12064,311.25,1.39,1.17,2026-01-18,854,Aqua,MODIS,59,6.1NRT,295.24,11.22,D
36250,26.59476,93.13421,323.14,1.4,1.17,2026-01-18,854,Aqua,MODIS,81,6.1NRT,295.18,27.86,D
36251,26.59589,93.23146,313.81,1.42,1.18,2026-01-18,854,Aqua,MODIS,62,6.1NRT,294.51,16.58,D
36252,26.59752,93.24525,307.93,1.42,1.18,2026-01-18,854,Aqua,MODIS,45,6.1NRT,294.32,9.55,D
36253,26.61191,86.94459,309.28,1.1,1.05,2026-01-18,854,Aqua,MODIS,66,6.1NRT,296.58,7.15,D
36254,26.64831,87.75463,305.93,1.04,1.02,2026-01-18,854,Aqua,MODIS,54,6.1NRT,295.77,3.61,D
36255,26.68236,88.45656,310.22,1.01,1.0,2026-01-18,854,Aqua,MODIS,65,6.1NRT,296.83,5.91,D
36256,26.87541,93.87264,306.72,1.57,1.24,2026-01-18,854,Aqua,MODIS,41,6.1NRT,296.3,8.01,D
36257,26.95204,94.1433,307.18,1.65,1.26,2026-01-18,854,Aqua,MODIS,60,6.1NRT,296.0,7.92,D
36258,26.95909,94.20785,309.52,1.66,1.27,2026-01-18,854,Aqua,MODIS,65,6.1NRT,296.29,11.65,D
36259,27.15069,86.33243,309.21,1.16,1.07,2026-01-18,854,Aqua,MODIS,68,6.1NRT,289.54,11.0,D
36260,27.18893,84.01109,330.6,1.57,1.23,2026-01-18,854,Aqua,MODIS,87,6.1NRT,296.06,53.14,D
36261,27.1923,84.00335,309.35,1.57,1.23,2026-01-18,854,Aqua,MODIS,68,6.1NRT,295.25,13.24,D
36262,27.19514,84.01845,305.52,1.57,1.23,2026-01-18,854,Aqua,MODIS,62,6.1NRT,294.61,8.11,D
36263,27.25876,94.77164,307.71,1.84,1.33,2026-01-18,854,Aqua,MODIS,57,6.1NRT,295.53,12.41,D
36264,27.30971,84.57948,306.86,1.43,1.18,2026-01-18,854,Aqua,MODIS,61,6.1NRT,294.9,9.03,D
36265,27.3597,87.86208,301.14,1.02,1.01,2026-01-18,854,Aqua,MODIS,43,6.1NRT,290.8,4.28,D
36266,27.49129,93.85564,300.65,1.6,1.25,2026-01-18,854,Aqua,MODIS,40,6.1NRT,284.93,10.19,D
36267,27.65278,92.27155,313.01,1.29,1.13,2026-01-18,854,Aqua,MODIS,56,6.1NRT,289.19,17.01,D
36268,27.66245,92.26923,322.73,1.29,1.13,2026-01-18,854,Aqua,MODIS,82,6.1NRT,284.74,31.18,D
36269,27.73928,95.08066,307.22,1.96,1.37,2026-01-18,854,Aqua,MODIS,65,6.1NRT,294.13,13.07,D
36270,27.94466,96.66387,301.76,2.58,1.54,2026-01-18,854,Aqua,MODIS,41,6.1NRT,288.68,22.78,D
36271,27.97088,86.00437,306.97,1.17,1.08,2026-01-18,854,Aqua,MODIS,35,6.1NRT,287.5,10.79,D
36272,27.97283,86.01606,338.05,1.17,1.08,2026-01-18,854,Aqua,MODIS,91,6.1NRT,294.2,53.31,D
36273,27.97495,86.02875,314.83,1.17,1.08,2026-01-18,854,Aqua,MODIS,72,6.1NRT,287.9,18.33,D
36274,27.98236,86.01562,342.29,1.17,1.08,2026-01-18,854,Aqua,MODIS,93,6.1NRT,294.88,59.84,D
36275,27.98452,86.02869,341.08,1.17,1.08,2026-01-18,854,Aqua,MODIS,92,6.1NRT,288.87,57.41,D
36276,28.03203,98.60004,302.09,3.6,1.78,2026-01-18,854,Aqua,MODIS,37,6.1NRT,290.61,38.63,D
36277,28.04947,98.62308,344.18,3.62,1.78,2026-01-18,854,Aqua,MODIS,81,6.1NRT,289.47,332.93,D
36278,28.16546,95.81606,307.32,2.25,1.45,2026-01-18,854,Aqua,MODIS,62,6.1NRT,295.66,19.49,D
36279,28.17078,81.14084,305.62,2.36,1.48,2026-01-18,854,Aqua,MODIS,55,6.1NRT,294.37,14.66,D
36280,28.31635,84.24797,318.46,1.44,1.19,2026-01-18,854,Aqua,MODIS,79,6.1NRT,286.86,31.53,D
36281,28.39022,83.92795,321.96,1.51,1.21,2026-01-18,854,Aqua,MODIS,81,6.1NRT,284.86,39.84,D
36282,28.39336,83.91689,309.41,1.51,1.21,2026-01-18,854,Aqua,MODIS,69,6.1NRT,285.63,19.98,D
36283,28.39642,83.93404,322.11,1.51,1.21,2026-01-18,854,Aqua,MODIS,81,6.1NRT,282.71,40.12,D
36284,28.40835,80.42138,304.08,2.62,1.55,2026-01-18,854,Aqua,MODIS,52,6.1NRT,293.65,19.56,D
36285,28.43621,84.51059,324.58,1.39,1.17,2026-01-18,854,Aqua,MODIS,83,6.1NRT,288.83,39.0,D
36286,28.81486,94.25963,302.47,1.79,1.31,2026-01-18,854,Aqua,MODIS,47,6.1NRT,289.8,13.67,D
36287,28.89267,95.95241,302.9,2.37,1.49,2026-01-18,854,Aqua,MODIS,40,6.1NRT,288.08,22.58,D
36288,28.89561,95.98363,313.29,2.38,1.49,2026-01-18,854,Aqua,MODIS,73,6.1NRT,292.38,47.34,D
36289,28.83712,80.13165,320.13,2.68,1.57,2026-01-18,856,Aqua,MODIS,78,6.1NRT,293.74,66.09,D
36290,28.83803,80.11073,308.99,2.69,1.57,2026-01-18,856,Aqua,MODIS,62,6.1NRT,294.32,29.93,D
36291,28.84351,80.13669,309.45,2.68,1.57,2026-01-18,856,Aqua,MODIS,69,6.1NRT,293.28,32.31,D
36292,14.07,75.64312,312.15,3.11,1.67,2026-01-18,1030,Aqua,MODIS,38,6.1NRT,302.03,20.44,D
36293,15.8552,74.65915,312.71,2.76,1.59,2026-01-18,1030,Aqua,MODIS,48,6.1NRT,300.82,19.15,D
36294,16.12104,73.55792,311.89,2.28,1.46,2026-01-18,1030,Aqua,MODIS,50,6.1NRT,298.17,19.35,D
36295,16.44822,73.66644,313.56,2.35,1.48,2026-01-18,1030,Aqua,MODIS,53,6.1NRT,298.86,20.12,D
36296,16.54981,73.53358,327.48,2.3,1.47,2026-01-18,1030,Aqua,MODIS,80,6.1NRT,300.48,67.12,D
36297,16.67384,74.82643,312.65,2.93,1.63,2026-01-18,1030,Aqua,MODIS,52,6.1NRT,299.49,22.76,D
36298,19.19055,76.1442,311.42,4.03,1.86,2026-01-18,1032,Aqua,MODIS,55,6.1NRT,298.96,33.86,D
36299,21.10204,72.63667,316.86,2.29,1.47,2026-01-18,1032,Aqua,MODIS,0,6.1NRT,301.42,33.46,D
36300,21.70507,72.67248,309.42,2.36,1.48,2026-01-18,1032,Aqua,MODIS,54,6.1NRT,298.58,12.77,D
36301,21.70587,72.67981,310.31,2.36,1.48,2026-01-18,1032,Aqua,MODIS,58,6.1NRT,298.77,16.2,D
36302,21.75938,72.6883,312.95,2.37,1.49,2026-01-18,1032,Aqua,MODIS,65,6.1NRT,298.32,24.09,D
36303,21.82205,72.65853,311.79,2.36,1.48,2026-01-18,1032,Aqua,MODIS,63,6.1NRT,299.46,18.51,D
36304,21.83247,72.65209,312.53,2.36,1.48,2026-01-18,1032,Aqua,MODIS,61,6.1NRT,298.85,21.09,D
36305,25.02297,68.56148,318.8,1.34,1.15,2026-01-18,1032,Aqua,MODIS,73,6.1NRT,296.27,20.97,D
36306,25.54206,68.62639,306.76,1.38,1.16,2026-01-18,1034,Aqua,MODIS,27,6.1NRT,294.71,8.46,D
36307,25.62014,68.69086,311.37,1.39,1.17,2026-01-18,1034,Aqua,MODIS,61,6.1NRT,294.56,13.98,D
36308,25.91364,68.83742,308.74,1.44,1.19,2026-01-18,1034,Aqua,MODIS,53,6.1NRT,294.44,11.11,D
36309,26.09042,68.87054,313.1,1.45,1.19,2026-01-18,1034,Aqua,MODIS,66,6.1NRT,295.31,16.9,D
36310,26.61427,68.29883,311.34,1.36,1.15,2026-01-18,1034,Aqua,MODIS,61,6.1NRT,293.34,14.14,D
36311,27.00521,67.75179,306.55,1.28,1.12,2026-01-18,1034,Aqua,MODIS,45,6.1NRT,293.34,8.15,D
36312,27.39262,68.43137,308.17,1.42,1.18,2026-01-18,1034,Aqua,MODIS,58,6.1NRT,293.89,11.18,D
36313,27.57693,68.34936,304.77,1.41,1.18,2026-01-18,1034,Aqua,MODIS,47,6.1NRT,293.46,7.7,D
36314,27.57854,68.36321,303.57,1.41,1.18,2026-01-18,1034,Aqua,MODIS,32,6.1NRT,293.0,6.57,D
36315,27.7754,69.39672,307.85,1.66,1.27,2026-01-18,1034,Aqua,MODIS,60,6.1NRT,291.77,15.21,D
36316,27.78778,66.1111,311.69,1.09,1.04,2026-01-18,1034,Aqua,MODIS,67,6.1NRT,296.68,7.92,D
36317,28.36879,69.94545,303.89,1.85,1.33,2026-01-18,1034,Aqua,MODIS,51,6.1NRT,292.73,10.4,D
36318,28.36992,69.9338,302.99,1.85,1.33,2026-01-18,1034,Aqua,MODIS,42,6.1NRT,292.87,8.35,D
36319,28.46603,69.96987,304.77,1.86,1.33,2026-01-18,1034,Aqua,MODIS,53,6.1NRT,293.25,9.91,D
36320,28.47273,69.96347,307.13,1.86,1.33,2026-01-18,1034,Aqua,MODIS,62,6.1NRT,293.34,14.87,D
36321,28.67331,70.68513,303.23,2.11,1.41,2026-01-18,1034,Aqua,MODIS,45,6.1NRT,292.79,10.54,D
36322,28.68568,70.68362,304.17,2.11,1.41,2026-01-18,1034,Aqua,MODIS,51,6.1NRT,292.8,12.73,D
36323,28.99504,71.06761,303.61,2.27,1.46,2026-01-18,1034,Aqua,MODIS,35,6.1NRT,293.19,12.31,D
36324,29.01001,71.08868,306.17,2.28,1.46,2026-01-18,1034,Aqua,MODIS,61,6.1NRT,292.91,17.7,D
36325,29.01051,71.08083,307.87,2.28,1.46,2026-01-18,1034,Aqua,MODIS,53,6.1NRT,293.35,20.26,D
36326,29.3489,71.94305,305.97,2.65,1.56,2026-01-18,1034,Aqua,MODIS,63,6.1NRT,292.16,19.76,D
36327,29.35123,71.96951,306.1,2.66,1.57,2026-01-18,1034,Aqua,MODIS,63,6.1NRT,293.78,19.98,D
36328,29.72592,69.79991,315.33,1.89,1.34,2026-01-18,1034,Aqua,MODIS,72,6.1NRT,292.33,27.9,D
36329,29.72775,69.81744,308.5,1.9,1.35,2026-01-18,1034,Aqua,MODIS,29,6.1NRT,291.55,14.58,D
36330,29.73227,69.79448,310.78,1.89,1.34,2026-01-18,1034,Aqua,MODIS,68,6.1NRT,292.67,21.59,D
36331,29.73397,69.81173,318.15,1.9,1.35,2026-01-18,1034,Aqua,MODIS,77,6.1NRT,292.35,37.1,D
36332,30.31212,70.83664,307.95,2.28,1.46,2026-01-18,1034,Aqua,MODIS,63,6.1NRT,291.8,22.16,D
36333,30.31421,70.85961,311.96,2.29,1.46,2026-01-18,1034,Aqua,MODIS,72,6.1NRT,291.93,31.85,D
36334,30.99837,70.82921,303.68,2.32,1.47,2026-01-18,1034,Aqua,MODIS,54,6.1NRT,291.91,15.59,D
36335,31.00016,70.84538,303.91,2.33,1.48,2026-01-18,1034,Aqua,MODIS,43,6.1NRT,290.38,17.13,D
36336,33.60695,70.26855,313.58,2.3,1.47,2026-01-18,1034,Aqua,MODIS,74,6.1NRT,279.53,47.4,D
36337,13.2532,123.7012,312.82,3.37,1.73,2026-01-18,1206,Terra,MODIS,80,6.1NRT,284.56,72.7,N
36338,13.25461,123.70417,310.59,3.37,1.73,2026-01-18,1206,Terra,MODIS,71,6.1NRT,284.79,63.72,N
36339,33.26001,131.65369,302.38,1.33,1.14,2026-01-18,1212,Terra,MODIS,49,6.1NRT,282.34,12.64,N
36340,9.4942,105.01057,304.12,1.36,1.16,2026-01-18,1344,Terra,MODIS,59,6.1NRT,292.85,6.41,N
36341,10.3802,108.36142,317.03,1.0,1.0,2026-01-18,1344,Terra,MODIS,92,6.1NRT,294.4,13.37,N
36342,10.7027,107.55662,303.37,1.02,1.01,2026-01-18,1344,Terra,MODIS,55,6.1NRT,292.21,4.63,N
36343,10.70396,107.56562,306.32,1.02,1.01,2026-01-18,1344,Terra,MODIS,68,6.1NRT,292.46,6.39,N
36344,11.01024,107.31163,304.03,1.02,1.01,2026-01-18,1344,Terra,MODIS,58,6.1NRT,291.94,5.28,N
36345,11.06348,107.43309,310.8,1.02,1.01,2026-01-18,1344,Terra,MODIS,81,6.1NRT,291.97,9.58,N
36346,11.06475,107.44212,305.15,1.02,1.01,2026-01-18,1344,Terra,MODIS,63,6.1NRT,292.1,5.63,N
36347,11.75346,108.7452,307.83,1.01,1.01,2026-01-18,1344,Terra,MODIS,73,6.1NRT,292.13,7.68,N
36348,11.75468,108.75423,309.86,1.01,1.01,2026-01-18,1344,Terra,MODIS,78,6.1NRT,292.5,9.04,N
36349,11.98327,106.37005,318.26,1.08,1.04,2026-01-18,1344,Terra,MODIS,97,6.1NRT,292.35,17.6,N
36350,11.98466,106.37961,303.22,1.08,1.04,2026-01-18,1344,Terra,MODIS,54,6.1NRT,292.03,5.39,N
36351,12.19647,106.83096,304.69,1.04,1.02,2026-01-18,1344,Terra,MODIS,61,6.1NRT,292.0,6.32,N
36352,12.72938,108.81252,306.43,1.03,1.01,2026-01-18,1344,Terra,MODIS,68,6.1NRT,289.37,8.24,N
36353,12.82415,106.11768,320.37,1.08,1.04,2026-01-18,1344,Terra,MODIS,100,6.1NRT,293.3,20.49,N
36354,12.91996,106.07686,307.04,1.09,1.04,2026-01-18,1344,Terra,MODIS,70,6.1NRT,294.0,8.06,N
36355,12.95483,106.06564,305.67,1.09,1.04,2026-01-18,1344,Terra,MODIS,65,6.1NRT,293.74,7.19,N
36356,13.03424,106.61491,325.08,1.04,1.02,2026-01-18,1344,Terra,MODIS,100,6.1NRT,295.14,23.81,N
36357,13.03557,106.62418,315.93,1.04,1.02,2026-01-18,1344,Terra,MODIS,92,6.1NRT,294.71,14.33,N
36358,13.24165,108.77795,304.08,1.03,1.01,2026-01-18,1344,Terra,MODIS,58,6.1NRT,290.43,6.53,N
36359,13.24288,108.78716,301.9,1.03,1.01,2026-01-18,1344,Terra,MODIS,45,6.1NRT,290.37,5.16,N
36360,13.49528,108.05882,302.39,1.0,1.0,2026-01-18,1344,Terra,MODIS,49,6.1NRT,291.94,4.07,N
36361,13.50406,108.05755,305.49,1.0,1.0,2026-01-18,1344,Terra,MODIS,64,6.1NRT,292.2,5.95,N
36362,13.62626,108.4121,300.62,1.02,1.01,2026-01-18,1344,Terra,MODIS,31,6.1NRT,290.2,4.26,N
36363,13.62748,108.4212,325.47,1.02,1.01,2026-01-18,1344,Terra,MODIS,100,6.1NRT,291.5,24.31,N
36364,13.7229,108.59386,301.46,1.02,1.01,2026-01-18,1344,Terra,MODIS,41,6.1NRT,289.72,4.76,N
36365,13.72414,108.60303,308.32,1.03,1.01,2026-01-18,1344,Terra,MODIS,74,6.1NRT,290.52,9.12,N
36366,13.88071,99.13893,303.72,3.21,1.7,2026-01-18,1344,Terra,MODIS,57,6.1NRT,292.27,25.59,N
36367,14.0769,107.33487,307.57,1.0,1.0,2026-01-18,1344,Terra,MODIS,61,6.1NRT,291.11,8.31,N
36368,14.07815,107.34386,310.85,1.0,1.0,2026-01-18,1344,Terra,MODIS,81,6.1NRT,291.47,10.13,N
36369,14.82858,97.99401,301.47,3.78,1.82,2026-01-18,1344,Terra,MODIS,41,6.1NRT,291.34,28.36,N
36370,14.8378,97.98524,302.2,3.78,1.82,2026-01-18,1344,Terra,MODIS,47,6.1NRT,290.18,30.94,N
36371,14.98351,101.09722,317.72,2.14,1.42,2026-01-18,1344,Terra,MODIS,96,6.1NRT,286.73,47.32,N
36372,15.13977,101.33199,301.51,2.04,1.39,2026-01-18,1344,Terra,MODIS,40,6.1NRT,290.84,9.88,N
36373,15.17108,101.33912,309.68,2.03,1.39,2026-01-18,1344,Terra,MODIS,78,6.1NRT,290.88,25.36,N
36374,15.22238,101.9876,301.51,1.81,1.32,2026-01-18,1344,Terra,MODIS,42,6.1NRT,291.08,9.09,N
36375,15.47628,101.05501,301.19,2.11,1.41,2026-01-18,1344,Terra,MODIS,36,6.1NRT,284.25,11.52,N
36376,15.47894,101.0491,303.05,2.11,1.41,2026-01-18,1344,Terra,MODIS,53,6.1NRT,284.28,15.72,N
36377,15.65659,106.62496,301.45,1.01,1.0,2026-01-18,1344,Terra,MODIS,41,6.1NRT,291.31,4.27,N
36378,15.65787,106.6341,304.02,1.01,1.0,2026-01-18,1344,Terra,MODIS,58,6.1NRT,292.23,5.54,N
36379,15.6921,100.8405,301.55,2.17,1.43,2026-01-18,1346,Terra,MODIS,42,6.1NRT,291.33,12.21,N
36380,16.4689,103.96782,304.98,1.26,1.11,2026-01-18,1346,Terra,MODIS,62,6.1NRT,290.47,9.2,N
36381,16.47483,104.93954,309.4,1.12,1.05,2026-01-18,1346,Terra,MODIS,77,6.1NRT,291.66,11.06,N
36382,16.74465,102.11532,306.75,1.66,1.27,2026-01-18,1346,Terra,MODIS,69,6.1NRT,290.56,16.44,N
36383,16.74785,102.12432,302.55,1.65,1.26,2026-01-18,1346,Terra,MODIS,49,6.1NRT,290.6,10.14,N
36384,16.75547,103.75354,305.68,1.28,1.12,2026-01-18,1346,Terra,MODIS,65,6.1NRT,291.8,9.27,N
36385,16.76529,103.75186,307.55,1.28,1.12,2026-01-18,1346,Terra,MODIS,72,6.1NRT,291.72,11.04,N
36386,16.85011,102.19702,303.62,1.63,1.26,2026-01-18,1346,Terra,MODIS,56,6.1NRT,290.34,11.56,N
36387,16.85408,102.20524,303.18,1.62,1.25,2026-01-18,1346,Terra,MODIS,45,6.1NRT,290.41,10.04,N
36388,17.33896,100.11993,305.62,2.29,1.46,2026-01-18,1346,Terra,MODIS,65,6.1NRT,293.41,20.6,N
36389,17.33937,100.12526,311.51,2.29,1.46,2026-01-18,1346,Terra,MODIS,83,6.1NRT,293.58,34.16,N
36390,17.34262,100.14045,307.08,2.28,1.46,2026-01-18,1346,Terra,MODIS,70,6.1NRT,292.96,24.68,N
36391,18.16037,104.27885,308.79,1.15,1.07,2026-01-18,1346,Terra,MODIS,76,6.1NRT,291.84,10.78,N
36392,19.33673,109.01465,301.23,1.18,1.08,2026-01-18,1346,Terra,MODIS,39,6.1NRT,289.02,6.67,N
36393,19.33807,109.02554,301.83,1.18,1.08,2026-01-18,1346,Terra,MODIS,45,6.1NRT,289.15,7.08,N
36394,19.3572,105.75822,328.17,1.01,1.01,2026-01-18,1346,Terra,MODIS,100,6.1NRT,292.3,26.81,N
36395,19.35852,105.76753,325.41,1.01,1.0,2026-01-18,1346,Terra,MODIS,100,6.1NRT,292.88,23.56,N
36396,21.87045,109.30965,309.63,1.31,1.14,2026-01-18,1346,Terra,MODIS,78,6.1NRT,288.23,16.06,N
36397,23.13816,108.99834,300.2,1.3,1.13,2026-01-18,1346,Terra,MODIS,21,6.1NRT,287.61,7.15,N
36398,23.19909,108.82183,311.75,1.27,1.12,2026-01-18,1346,Terra,MODIS,83,6.1NRT,288.65,17.15,N
36399,23.23882,108.90299,300.89,1.29,1.13,2026-01-18,1346,Terra,MODIS,35,6.1NRT,287.87,7.84,N
36400,24.31653,108.52263,301.56,1.26,1.12,2026-01-18,1346,Terra,MODIS,42,6.1NRT,286.93,9.17,N
36401,26.57442,101.65978,305.86,1.22,1.1,2026-01-18,1348,Terra,MODIS,66,6.1NRT,285.54,11.91,N
36402,26.57631,101.67173,302.19,1.22,1.1,2026-01-18,1348,Terra,MODIS,47,6.1NRT,286.17,8.95,N
